,Date,UAA US Equity,UA US Equity,UAA US Equity / UA US Equity,SMA_21,SMA_50,SMA_120
0,2016-03-23,42.8138,41.2075,1.0390000000000001,,,
1,2016-03-24,42.4419,40.582,1.0458,,,
2,2016-03-28,42.8448,40.582,1.0558,,,
3,2016-03-29,43.1392,40.582,1.063,,,
4,2016-03-30,44.2395,41.70399999999999,1.0608,,,
5,2016-03-31,43.8211,41.426,1.0578,,,
6,2016-04-01,43.754,40.8004,1.0724,,,
7,2016-04-04,43.0721,40.4628,1.0645,,,
8,2016-04-05,43.1547,40.8004,1.0577,,,
9,2016-04-06,44.3428,41.5054,1.0684,,,
10,2016-04-07,44.41,41.2671,1.0762,,,
11,2016-04-08,43.54,43.7097,0.9961,,,
12,2016-04-11,41.15,41.1678,0.9996,,,
13,2016-04-12,41.4,41.3565,1.0011,,,
14,2016-04-13,42.96,41.5054,1.035,,,
15,2016-04-14,43.48,41.9324,1.0369,,,
16,2016-04-15,43.08,41.70399999999999,1.033,,,
17,2016-04-18,43.71,42.121,1.0377,,,
18,2016-04-19,43.95,42.6969,1.0293,,,
19,2016-04-20,43.95,42.4586,1.0351,,,
20,2016-04-21,46.93,45.4077,1.0335,1.042795238,,
21,2016-04-22,46.99,44.7424,1.0502,1.043328571,,
22,2016-04-25,46.59,43.9481,1.0601,1.044009524,,
23,2016-04-26,46.75,43.6402,1.0713,1.044747619,,
24,2016-04-27,44.8,41.8629,1.0702,1.045090476,,
25,2016-04-28,44.66,41.5948,1.0737,1.045704762,,
26,2016-04-29,43.94,40.5124,1.0846,1.046980952,,
27,2016-05-02,43.74,39.9862,1.0939,1.048004762,,
28,2016-05-03,42.73,39.8372,1.0726,1.048390476,,
29,2016-05-04,39.51,37.1265,1.0642,1.0487,,
30,2016-05-05,39.75,37.2258,1.0678,1.048671429,,
31,2016-05-06,38.7,36.1236,1.0713,1.048438095,,
32,2016-05-09,38.7,36.0541,1.0734,1.052119048,,
33,2016-05-10,39.08,36.2924,1.0768,1.055795238,,
34,2016-05-11,37.38,34.9817,1.0686,1.0590095240000001,,
35,2016-05-12,37.66,34.942,1.0778,1.061047619,,
36,2016-05-13,37.15,34.4654,1.0779,1.063,,
37,2016-05-16,37.12,34.2966,1.0823,1.065347619,,
38,2016-05-17,36.89,34.2271,1.0778,1.067257143,,
39,2016-05-18,36.57,33.9788,1.0763,1.069495238,,
40,2016-05-19,37.44,34.6044,1.0819,1.07172381,,
41,2016-05-20,37.89,35.3292,1.0725,1.073580952,,
42,2016-05-23,37.27,34.5845,1.0776,1.074885714,,
43,2016-05-24,38.22,35.3292,1.0818,1.075919048,,
44,2016-05-25,38.31,35.2299,1.0874,1.0766857140000001,,
45,2016-05-26,37.76,34.6739,1.089,1.077580952,,
46,2016-05-27,37.92,34.8129,1.0893,1.07832381,,
47,2016-05-31,37.73,34.7235,1.0866,1.078419048,,
48,2016-06-01,36.25,33.4823,1.0827,1.077885714,,
49,2016-06-02,36.56,33.9788,1.0759999999999998,1.0780476190000001,1.062286,
50,2016-06-03,36.4,33.9192,1.0731,1.0784714290000001,1.0629680000000001,
51,2016-06-06,36.81,34.1576,1.0777,1.078942857,1.063606,
52,2016-06-07,37.77,34.9519,1.0806,1.079385714,1.064102,
53,2016-06-08,39.04,36.1832,1.079,1.079652381,1.064422,
54,2016-06-09,38.66,35.8853,1.0773,1.07967619,1.0647520000000001,
55,2016-06-10,38.38,35.5378,1.08,1.080219048,1.0651959999999998,
56,2016-06-13,37.45,34.68,1.0799,1.080319048,1.065346,
57,2016-06-14,37.19,34.4,1.0811,1.0804714290000001,1.0656780000000001,
58,2016-06-15,37.76,34.77,1.0859999999999999,1.080647619,1.066244,
59,2016-06-16,36.42,33.48,1.0878,1.08112381,1.066632,
60,2016-06-17,37.22,34.14,1.0902,1.081785714,1.066912,
61,2016-06-20,38.11,34.77,1.0961,1.082461905,1.068912,
62,2016-06-21,38.36,34.92,1.0985,1.0837,1.07089,
63,2016-06-22,37.69,34.32,1.0982,1.084680952,1.072832,
64,2016-06-23,38.32,34.67,1.1053,1.0858,1.074238,
65,2016-06-24,37.38,33.5,1.1158,1.087152381,1.0758159999999999,
66,2016-06-27,35.92,31.9,1.126,1.0889142859999998,1.077676,
67,2016-06-28,37.52,33.9,1.1068,1.0897476190000002,1.079058,
68,2016-06-29,39.75,35.91,1.1069,1.0907142859999999,1.08061,
69,2016-06-30,40.13,36.4,1.1025,1.091657143,1.081958,
70,2016-07-01,40.43,36.84,1.0974,1.09267619,1.083236,
71,2016-07-05,39.2,35.51,1.1039,1.094142857,1.08431,
72,2016-07-06,39.85,36.26,1.099,1.095157143,1.0850879999999998,
73,2016-07-07,40.52,36.88,1.0987,1.096019048,1.085636,
74,2016-07-08,40.43,36.78,1.0992,1.096980952,1.086216,
75,2016-07-11,40.3,36.57,1.102,1.098157143,1.086782,
76,2016-07-12,41.8,37.87,1.1038,1.099290476,1.087166,
77,2016-07-13,41.51,37.22,1.1153,1.10097619,1.087594,
78,2016-07-14,41.54,37.02,1.1221,1.1029285709999999,1.088584,
79,2016-07-15,41.68,37.23,1.1195,1.10452381,1.08969,
80,2016-07-18,41.69,37.2,1.1207,1.1060904759999999,1.090748,
81,2016-07-19,41.92,36.95,1.1345,1.1082,1.092012,
82,2016-07-20,42.16,36.79,1.146,1.11057619,1.093464,
83,2016-07-21,42.64,37.27,1.1441,1.112747619,1.09481,
84,2016-07-22,42.85,37.48,1.1433,1.114895238,1.0963040000000002,
85,2016-07-25,43.59,38.78,1.124,1.115785714,1.097228,
86,2016-07-26,41.36,37.5,1.1029,1.115171429,1.097728,
87,2016-07-27,39.72,35.93,1.1055,1.114195238,1.098192,
88,2016-07-28,39.65,35.75,1.1091,1.114304762,1.098818,
89,2016-07-29,39.46,35.7,1.1053,1.114228571,1.0993979999999999,
90,2016-08-01,39.44,35.5,1.111,1.114633333,1.09998,
91,2016-08-02,37.97,34.39,1.1041,1.114952381,1.1006120000000001,
92,2016-08-03,38.91,35.27,1.1032,1.114919048,1.101124,
93,2016-08-04,38.95,35.14,1.1084,1.115366667,1.101656,
94,2016-08-05,40.03,36.17,1.1067,1.115747619,1.102042,
95,2016-08-08,39.74,35.93,1.1059999999999999,1.116071429,1.102382,
96,2016-08-09,39.31,35.57,1.1051,1.116219048,1.102698,
97,2016-08-10,39.09,35.43,1.1033,1.116195238,1.103032,
98,2016-08-11,40.94,37.02,1.1059,1.115747619,1.1034959999999998,
99,2016-08-12,41.09,37.1,1.1075,1.115052381,1.104126,
100,2016-08-15,42.24,38.04,1.1104,1.114619048,1.1048719999999999,
101,2016-08-16,42.33,38.65,1.0952,1.113404762,1.105222,
102,2016-08-17,41.67,37.92,1.0989,1.1117095240000001,1.105588,
103,2016-08-18,42.06,37.95,1.1083,1.109914286,1.106174,
104,2016-08-19,43.01,38.76,1.1096,1.108271429,1.1068200000000001,
105,2016-08-22,42.98,38.8,1.1077,1.10657619,1.107374,
106,2016-08-23,43.59,39.28,1.1097,1.105895238,1.1079700000000001,
107,2016-08-24,43.15,38.88,1.1098,1.10622381,1.108544,
108,2016-08-25,42.23,38.26,1.1038,1.106142857,1.1089,
109,2016-08-26,42.12,38.0,1.1084,1.106109524,1.109312,
110,2016-08-29,42.11,37.9,1.1111,1.106385714,1.1097299999999999,
111,2016-08-30,41.56,37.36,1.1124,1.106452381,1.110056,
112,2016-08-31,39.63,35.65,1.1116,1.106809524,1.1103180000000001,
113,2016-09-01,39.75,35.7,1.1134,1.107295238,1.110622,
114,2016-09-02,38.56,34.58,1.1151,1.107614286,1.110818,
115,2016-09-06,38.93,34.76,1.12,1.1082476190000001,1.110902,
116,2016-09-07,39.92,35.58,1.122,1.109009524,1.110822,
117,2016-09-08,39.35,35.05,1.1227,1.109847619,1.11114,
118,2016-09-09,38.36,34.01,1.1279,1.111019048,1.11156,
119,2016-09-12,39.26,34.8,1.1282,1.1120809520000001,1.112074,1.088056667
120,2016-09-13,38.33,33.89,1.131,1.1132,1.112746,1.088823333
121,2016-09-14,38.25,33.79,1.1320000000000001,1.114228571,1.113308,1.089541667
122,2016-09-15,38.56,33.86,1.1388,1.116304762,1.114104,1.090233333
123,2016-09-16,38.91,34.21,1.1374,1.118138095,1.114878,1.0908533329999999
124,2016-09-19,38.74,33.83,1.1451,1.119890476,1.115796,1.091555833
125,2016-09-20,38.61,33.46,1.1539,1.122,1.116834,1.092356667
126,2016-09-21,39.61,34.3,1.1548,1.124242857,1.1178540000000001,1.093043333
127,2016-09-22,39.9,34.7,1.1499,1.126157143,1.1185459999999998,1.093755
128,2016-09-23,39.45,34.28,1.1508,1.128109524,1.1191200000000001,1.0945308329999999
129,2016-09-26,38.6,33.58,1.1495,1.130285714,1.11972,1.095206667
130,2016-09-27,39.19,33.97,1.1537,1.132442857,1.12038,1.0958525
131,2016-09-28,39.38,34.37,1.1458,1.134095238,1.120606,1.0971
132,2016-09-29,38.6,33.68,1.1461,1.1357,1.120608,1.098320833
133,2016-09-30,38.68,33.86,1.1424,1.137166667,1.120574,1.0994983329999999
134,2016-10-03,38.63,34.05,1.1345,1.138171429,1.120398,1.1003275
135,2016-10-04,38.49,33.7,1.1421,1.139457143,1.12076,1.1012041670000001
136,2016-10-05,38.41,33.38,1.1507,1.140919048,1.121716,1.102185
137,2016-10-06,37.82,32.9,1.1495,1.142228571,1.122596,1.103116667
138,2016-10-07,37.78,32.85,1.1501,1.143533333,1.123416,1.104123333
139,2016-10-10,38.28,33.27,1.1506,1.144614286,1.124322,1.105085833
140,2016-10-11,38.12,33.21,1.1478,1.145547619,1.125058,1.1060383329999999
141,2016-10-12,38.52,33.76,1.141,1.14602381,1.125796,1.106795
142,2016-10-13,38.18,33.39,1.1435,1.146571429,1.126602,1.1074899999999999
143,2016-10-14,38.49,33.62,1.1449,1.146861905,1.127332,1.108103333
144,2016-10-17,37.63,32.76,1.1487,1.1474,1.128172,1.1087575
145,2016-10-18,38.3,33.31,1.1498,1.14762381,1.129048,1.1093916670000001
146,2016-10-19,38.82,34.02,1.1411,1.1470142859999999,1.129768,1.1098625
147,2016-10-20,38.41,33.42,1.1493,1.146752381,1.130688,1.1103241670000001
148,2016-10-21,37.94,32.96,1.1511,1.146809524,1.131592,1.110978333
149,2016-10-24,37.9,32.9,1.1520000000000001,1.146866667,1.132482,1.11171
150,2016-10-25,32.89,28.37,1.1593,1.147333333,1.1334600000000001,1.1124725
151,2016-10-26,31.81,27.46,1.1584,1.147557143,1.134724,1.113198333
152,2016-10-27,31.4,26.49,1.1854,1.149442857,1.136454,1.114131667
153,2016-10-28,30.94,25.91,1.1941,1.151728571,1.1381700000000001,1.115109167
154,2016-10-31,31.1,25.86,1.2026,1.154595238,1.1400299999999999,1.116225833
155,2016-11-01,30.52,25.51,1.1964,1.157542857,1.141804,1.117214167
156,2016-11-02,30.79,25.35,1.2146,1.160995238,1.143902,1.118353333
157,2016-11-03,30.3,25.3,1.1976,1.1632285709999999,1.145658,1.119314167
158,2016-11-04,30.8,25.61,1.2027,1.165761905,1.147636,1.120355
159,2016-11-07,31.26,25.94,1.2051,1.1683809520000001,1.14957,1.1214283329999999
160,2016-11-08,31.33,26.09,1.2008,1.170771429,1.1513639999999998,1.122419167
161,2016-11-09,31.59,25.9,1.2197,1.174195238,1.15351,1.1236458329999999
162,2016-11-10,31.57,25.61,1.2327,1.178561905,1.155932,1.124938333
163,2016-11-11,31.82,25.61,1.2425,1.18327619,1.158514,1.1262775
164,2016-11-14,31.17,24.88,1.2528,1.188414286,1.161268,1.127655833
165,2016-11-15,31.94,25.36,1.2595,1.193690476,1.164058,1.129076667
166,2016-11-16,32.1,25.32,1.2678,1.199309524,1.166974,1.130564167
167,2016-11-17,32.31,25.27,1.2786,1.205857143,1.170092,1.132164167
168,2016-11-18,30.95,23.75,1.3032,1.213185714,1.173598,1.134001667
169,2016-11-21,30.87,23.8,1.2971,1.220138095,1.176976,1.1358441670000001
170,2016-11-22,30.83,24.01,1.284,1.22642381,1.180036,1.137601667
171,2016-11-23,30.71,23.93,1.2833,1.232328571,1.183062,1.1393149999999999
172,2016-11-25,30.6,24.14,1.2676,1.237528571,1.185638,1.140873333
173,2016-11-28,31.17,26.29,1.1856,1.237538095,1.186602,1.141761667
174,2016-11-29,30.9,25.86,1.1949,1.23757619,1.187598,1.1427416670000001
175,2016-11-30,30.8,25.78,1.1947,1.2372,1.1884139999999999,1.1436975
176,2016-12-01,30.47,25.2,1.2091,1.2378047620000001,1.1895,1.144774167
177,2016-12-02,30.03,24.77,1.2124,1.2377,1.19075,1.145868333
178,2016-12-05,30.43,25.06,1.2143,1.238495238,1.19202,1.1469375
179,2016-12-06,30.94,25.41,1.2176,1.239204762,1.193382,1.148019167
180,2016-12-07,32.27,27.03,1.1939,1.238671429,1.194186,1.148883333
181,2016-12-08,32.94,28.82,1.143,1.235919048,1.19413,1.149274167
182,2016-12-09,32.99,28.81,1.1451,1.232366667,1.19411,1.1496625
183,2016-12-12,32.26,27.61,1.1684,1.229304762,1.1946299999999999,1.1502475
184,2016-12-13,32.27,27.34,1.1803,1.2263428570000001,1.195546,1.1508725
185,2016-12-14,31.67,26.57,1.1919,1.223442857,1.196542,1.151506667
186,2016-12-15,31.0,25.8,1.2016,1.220685714,1.19756,1.152136667
187,2016-12-16,30.39,25.48,1.1927,1.217109524,1.198424,1.1528525
188,2016-12-19,30.11,25.37,1.1868,1.212738095,1.199158,1.153518333
189,2016-12-20,30.01,25.69,1.1682,1.2063095240000001,1.19951,1.154065833
190,2016-12-21,30.05,26.05,1.1536,1.19947619,1.199626,1.154534167
191,2016-12-22,29.39,25.48,1.1535,1.193261905,1.199876,1.1549475
192,2016-12-23,29.29,25.23,1.1609,1.187433333,1.200224,1.155463333
193,2016-12-27,29.31,25.18,1.1640000000000001,1.1825,1.2006059999999998,1.1560075
194,2016-12-28,29.42,25.23,1.1661,1.1815714290000001,1.200954,1.156565
195,2016-12-29,29.23,25.12,1.1636,1.180080952,1.20123,1.157078333
196,2016-12-30,29.05,25.17,1.1542,1.1781523809999999,1.201492,1.157498333
197,2017-01-03,29.87,25.76,1.1595,1.175790476,1.2016959999999999,1.157866667
198,2017-01-04,30.54,26.57,1.1494,1.1727904759999999,1.201662,1.158094167
199,2017-01-05,30.29,26.21,1.1557,1.17,1.2017360000000001,1.158395833
200,2017-01-06,30.47,27.04,1.1268,1.16567619,1.201086,1.158446667
201,2017-01-09,30.47,27.02,1.1277,1.16252381,1.200472,1.15839
202,2017-01-10,30.71,27.32,1.1241,1.16162381,1.1992459999999998,1.1582075
203,2017-01-11,30.55,26.98,1.1323,1.161014286,1.19801,1.158109167
204,2017-01-12,30.38,26.84,1.1319,1.15927619,1.196596,1.158014167
205,2017-01-13,30.08,26.5,1.1351,1.15712381,1.19537,1.158106667
206,2017-01-17,30.14,26.2,1.1504,1.155147619,1.194086,1.1585025
207,2017-01-18,29.35,25.35,1.1578,1.153061905,1.19329,1.158938333
208,2017-01-19,29.2,25.26,1.156,1.1513142859999999,1.192356,1.159329167
209,2017-01-20,29.02,25.16,1.1534,1.14972381,1.191322,1.15973
210,2017-01-23,28.45,24.96,1.1398,1.148371429,1.190102,1.1599700000000002
211,2017-01-24,28.54,25.12,1.1361,1.147538095,1.1884299999999999,1.160236667
212,2017-01-25,29.3,25.69,1.1405,1.146919048,1.1865860000000001,1.1605475
213,2017-01-26,29.13,25.5,1.1424,1.146038095,1.184584,1.160830833
214,2017-01-27,29.13,25.52,1.1415,1.144966667,1.182358,1.161120833
215,2017-01-30,28.94,25.09,1.1534,1.144361905,1.180236,1.161515833
216,2017-01-31,21.49,19.22,1.1181,1.142195238,1.177242,1.161624167
217,2017-02-01,21.44,18.8,1.1404,1.141538095,1.1744780000000001,1.161933333
218,2017-02-02,20.65,18.12,1.1396,1.1405904759999999,1.171206,1.1622141670000001
219,2017-02-03,20.7,18.19,1.138,1.140047619,1.168024,1.162468333
220,2017-02-06,20.6,18.14,1.1356,1.139090476,1.1650559999999999,1.162678333
221,2017-02-07,20.47,17.79,1.1506,1.14022381,1.162402,1.16314
222,2017-02-08,21.08,18.3,1.1519,1.14137619,1.160088,1.163581667
223,2017-02-09,21.71,19.3,1.1249,1.1414142859999998,1.158874,1.16372
224,2017-02-10,21.6,19.04,1.1345,1.141519048,1.157666,1.1639275
225,2017-02-13,21.32,18.65,1.1432,1.142057143,1.156636,1.164223333
226,2017-02-14,21.76,19.41,1.1211,1.141390476,1.154876,1.164318333
227,2017-02-15,21.89,19.86,1.1022,1.139095238,1.152672,1.1642549999999998
228,2017-02-16,21.64,19.63,1.1024,1.136457143,1.150434,1.164243333
229,2017-02-17,21.88,19.75,1.1078,1.134161905,1.1482379999999999,1.164238333
230,2017-02-21,21.78,19.69,1.1061,1.1319095240000001,1.146482,1.1641966670000001
231,2017-02-22,21.87,19.78,1.1057,1.130285714,1.145736,1.164140833
232,2017-02-23,21.67,19.64,1.1034,1.128728571,1.144902,1.1640725
233,2017-02-24,21.81,19.83,1.0998,1.126790476,1.14353,1.163959167
234,2017-02-27,21.5,19.28,1.1151,1.125490476,1.142226,1.163959167
235,2017-02-28,20.62,18.56,1.111,1.124038095,1.140608,1.163884167
236,2017-03-01,20.6,18.58,1.1087,1.121909524,1.13875,1.163773333
237,2017-03-02,20.93,18.96,1.1039,1.121233333,1.136974,1.163616667
238,2017-03-03,20.59,18.64,1.1046,1.119528571,1.13533,1.1634225
239,2017-03-06,20.05,18.31,1.095,1.117404762,1.133866,1.163145833
240,2017-03-07,19.69,18.11,1.0872,1.1149857140000001,1.1325379999999998,1.162780833
241,2017-03-08,19.14,17.75,1.0783,1.112257143,1.131034,1.162333333
242,2017-03-09,19.15,17.69,1.0825,1.1090142859999998,1.129466,1.161864167
243,2017-03-10,19.26,17.75,1.0851,1.1058333329999999,1.127888,1.161428333
244,2017-03-13,19.05,17.56,1.0849,1.103928571,1.126264,1.160926667
245,2017-03-14,19.02,17.62,1.0795,1.1013095240000002,1.124582,1.160306667
246,2017-03-15,19.46,17.83,1.0914,1.098842857,1.123326,1.159778333
247,2017-03-16,19.82,18.17,1.0908,1.0974,1.121952,1.159285833
248,2017-03-17,19.38,18.08,1.0719,1.095957143,1.1204020000000001,1.158628333
249,2017-03-20,19.59,18.26,1.0728,1.094547619,1.118744,1.157989167
250,2017-03-21,18.99,17.52,1.0839,1.0934095240000001,1.1178860000000002,1.1574075000000001
251,2017-03-22,19.09,17.51,1.0902,1.092652381,1.1171360000000001,1.156944167
252,2017-03-23,18.98,17.44,1.0883,1.09182381,1.11642,1.1564625
253,2017-03-24,19.66,18.16,1.0826,1.090833333,1.115426,1.155964167
254,2017-03-27,19.86,18.3,1.0852,1.090138095,1.114492,1.155553333
255,2017-03-28,19.91,18.49,1.0768,1.088314286,1.113326,1.155009167
256,2017-03-29,20.62,18.84,1.0945,1.087528571,1.112208,1.154540833
257,2017-03-30,20.09,18.37,1.0936,1.086809524,1.110924,1.154075
258,2017-03-31,19.78,18.3,1.0809,1.085714286,1.109422,1.153498333
259,2017-04-03,19.65,18.35,1.0708,1.084104762,1.1077700000000001,1.152833333
260,2017-04-04,19.31,18.02,1.0716,1.082990476,1.106406,1.152198333
261,2017-04-05,19.62,18.56,1.0571,1.081557143,1.104826,1.151499167
262,2017-04-06,20.27,19.04,1.0646,1.080904762,1.103308,1.1508416670000001
263,2017-04-07,19.86,18.43,1.0776,1.0806714290000001,1.102012,1.150280833
264,2017-04-10,19.73,18.19,1.0847,1.080652381,1.100876,1.1497475000000001
265,2017-04-11,19.42,18.04,1.0765,1.080252381,1.099338,1.149136667
266,2017-04-12,19.28,17.86,1.0795,1.080252381,1.098566,1.148623333
267,2017-04-13,19.26,17.76,1.0845,1.07992381,1.097448,1.148083333
268,2017-04-17,19.21,17.79,1.0798,1.0794,1.096252,1.147489167
269,2017-04-18,19.1,17.76,1.0755,1.079571429,1.095002,1.146851667
270,2017-04-19,19.19,17.93,1.0703,1.0794523809999998,1.093696,1.14611
271,2017-04-20,19.39,18.11,1.0707,1.07882381,1.092098,1.145379167
272,2017-04-21,18.99,17.53,1.0833,1.078495238,1.090726,1.144528333
273,2017-04-24,19.44,17.93,1.0842,1.0783,1.089912,1.1436125
274,2017-04-25,19.53,17.97,1.0868,1.0785,1.088958,1.1426475
275,2017-04-26,19.71,18.14,1.0865,1.078561905,1.087824,1.141731667
276,2017-04-27,21.67,19.82,1.0933,1.079347619,1.0872680000000001,1.140720833
277,2017-04-28,21.49,19.41,1.1072,1.079952381,1.0873680000000001,1.1399675
278,2017-05-01,21.17,19.02,1.113,1.08087619,1.08758,1.1392200000000001
279,2017-05-02,21.05,18.73,1.1239,1.08292381,1.0879020000000001,1.1385433329999999
280,2017-05-03,20.34,18.69,1.0883,1.083757143,1.087546,1.137605833
281,2017-05-04,20.42,18.81,1.0856,1.08442381,1.087144,1.136488333
282,2017-05-05,20.59,19.09,1.0786,1.085447619,1.086648,1.135204167
283,2017-05-08,20.53,19.12,1.0737,1.0858809520000001,1.086126,1.1337975
284,2017-05-09,21.39,19.81,1.0798,1.085985714,1.08542,1.1323558329999999
285,2017-05-10,21.18,19.65,1.0779,1.085661905,1.084758,1.1308425
286,2017-05-11,20.99,19.45,1.0792,1.085790476,1.084168,1.1292708329999999
287,2017-05-12,20.58,18.9,1.0889,1.086238095,1.083868,1.1276899999999999
288,2017-05-15,20.29,18.65,1.0879,1.0864,1.083534,1.125895833
289,2017-05-16,19.48,17.97,1.084,1.0866,1.0833139999999999,1.12412
290,2017-05-17,18.94,17.7,1.0701,1.086342857,1.0829719999999998,1.1223375
291,2017-05-18,18.89,17.63,1.0715,1.0864,1.0828360000000001,1.1205725
292,2017-05-19,19.1,17.86,1.0694,1.086338095,1.082574,1.118920833
293,2017-05-22,19.28,17.92,1.0759,1.085985714,1.08239,1.118006667
294,2017-05-23,19.49,18.04,1.0804,1.085804762,1.0823,1.1170525
295,2017-05-24,19.56,18.11,1.0801,1.085485714,1.0823120000000002,1.1160975
296,2017-05-25,19.49,18.01,1.0822,1.085280952,1.082128,1.11504
297,2017-05-26,19.69,18.07,1.0897,1.0851095240000002,1.082106,1.1140174999999999
298,2017-05-30,19.56,18.01,1.0861,1.084104762,1.08239,1.112949167
299,2017-05-31,19.16,17.83,1.0746,1.08227619,1.082426,1.1117575000000002
300,2017-06-01,19.72,18.39,1.0723,1.079819048,1.082194,1.110744167
301,2017-06-02,20.11,18.72,1.0743,1.0791523809999999,1.081876,1.1101716670000001
302,2017-06-05,20.28,18.95,1.0702,1.078419048,1.0815139999999999,1.1095475000000001
303,2017-06-06,20.22,18.97,1.0659,1.077814286,1.08118,1.108693333
304,2017-06-07,20.54,19.22,1.0687,1.07757619,1.08085,1.107763333
305,2017-06-08,21.16,19.6,1.0796,1.077566667,1.080906,1.1068274999999999
306,2017-06-09,21.88,20.21,1.0826,1.0777904759999999,1.080668,1.105835833
307,2017-06-12,23.14,21.2,1.0915,1.07837619,1.080626,1.1049924999999998
308,2017-06-13,22.95,21.25,1.08,1.077952381,1.080608,1.1041025
309,2017-06-14,22.7,21.09,1.0763,1.0774,1.080718,1.103336667
310,2017-06-15,21.71,20.33,1.0679,1.076633333,1.0806440000000002,1.1026225
311,2017-06-16,20.99,19.68,1.0666,1.076466667,1.080834,1.101898333
312,2017-06-19,21.02,19.67,1.0686,1.076328571,1.080914,1.101129167
313,2017-06-20,20.48,19.01,1.0773,1.076704762,1.080908,1.1004066670000001
314,2017-06-21,20.31,18.75,1.0832,1.077052381,1.080878,1.0997158329999999
315,2017-06-22,20.65,19.24,1.0733,1.0767142859999999,1.080814,1.098963333
316,2017-06-23,21.2,19.65,1.0789,1.076657143,1.080802,1.098335833
317,2017-06-26,21.56,19.92,1.0823,1.076661905,1.0807579999999999,1.0976925
318,2017-06-27,21.77,19.9,1.094,1.076866667,1.081042,1.097230833
319,2017-06-28,21.63,20.0,1.0815,1.076647619,1.0811620000000002,1.0966125
320,2017-06-29,21.31,19.8,1.0763,1.0767285709999999,1.081282,1.096191667
321,2017-06-30,21.76,20.16,1.0794,1.077066667,1.081456,1.095789167
322,2017-07-03,22.28,20.52,1.0858,1.077614286,1.0815059999999999,1.0954700000000002
323,2017-07-05,22.14,20.4,1.0853,1.078333333,1.081528,1.095078333
324,2017-07-06,20.65,19.1,1.0812,1.079061905,1.081416,1.094655833
325,2017-07-07,20.64,19.22,1.0739,1.0793095240000001,1.081164,1.094145833
326,2017-07-10,20.6,19.13,1.0768,1.07917619,1.080834,1.0935325
327,2017-07-11,20.25,18.92,1.0703,1.078590476,1.080096,1.092803333
328,2017-07-12,19.96,18.58,1.0743,1.077771429,1.079322,1.0921225
329,2017-07-13,19.93,18.63,1.0698,1.077285714,1.0782399999999999,1.091425833
330,2017-07-14,20.39,18.93,1.0771,1.07732381,1.078016,1.090903333
331,2017-07-17,20.45,18.82,1.0866,1.078214286,1.078036,1.090490833
332,2017-07-18,20.22,18.68,1.0824,1.078966667,1.0781120000000002,1.090006667
333,2017-07-19,20.49,18.91,1.0836,1.0796809520000001,1.07831,1.089516667
334,2017-07-20,20.64,19.05,1.0835,1.07997619,1.078384,1.089033333
335,2017-07-21,20.64,18.84,1.0955,1.080561905,1.0787360000000001,1.088550833
336,2017-07-24,20.27,18.26,1.1101,1.082314286,1.0793540000000001,1.088484167
337,2017-07-25,20.11,18.12,1.1098,1.083785714,1.079772,1.088229167
338,2017-07-26,19.65,17.55,1.1197,1.085566667,1.080408,1.088063333
339,2017-07-27,19.42,17.37,1.1179999999999999,1.086709524,1.0810879999999998,1.087896667
340,2017-07-28,19.44,17.36,1.1198,1.088533333,1.082082,1.0877649999999999
341,2017-07-31,20.02,18.11,1.1055,1.08992381,1.082762,1.087389167
342,2017-08-01,18.3,16.23,1.1275,1.092214286,1.0839239999999999,1.087185833
343,2017-08-02,18.56,16.47,1.1269,1.094171429,1.0849440000000001,1.0872025
344,2017-08-03,18.31,16.34,1.1206,1.095852381,1.085748,1.0870866670000001
345,2017-08-04,18.39,16.61,1.1072,1.097090476,1.08629,1.086786667
346,2017-08-07,18.56,16.63,1.1161,1.0991,1.086968,1.086745
347,2017-08-08,19.25,17.21,1.1185,1.101085714,1.087544,1.086880833
348,2017-08-09,19.1,17.17,1.1124,1.103090476,1.08807,1.086964167
349,2017-08-10,18.71,16.82,1.1124,1.104904762,1.088826,1.0870024999999999
350,2017-08-11,18.55,16.8,1.1042,1.106542857,1.089464,1.0869866670000001
351,2017-08-14,18.83,17.11,1.1005,1.107657143,1.089988,1.086943333
352,2017-08-15,18.22,16.66,1.0936,1.107990476,1.0904559999999999,1.086861667
353,2017-08-16,18.18,16.68,1.0899,1.1083476190000001,1.0909360000000001,1.086779167
354,2017-08-17,17.81,16.28,1.094,1.108842857,1.091442,1.086603333
355,2017-08-18,17.12,15.64,1.0946,1.109371429,1.091742,1.086466667
356,2017-08-21,16.59,15.15,1.095,1.109347619,1.09199,1.0863525
357,2017-08-22,16.78,15.42,1.0882,1.108304762,1.091924,1.086221667
358,2017-08-23,16.99,15.55,1.0926,1.107485714,1.092176,1.086121667
359,2017-08-24,17.05,15.73,1.0839,1.105780952,1.092328,1.086029167
360,2017-08-25,17.18,15.94,1.0778,1.1038666670000001,1.092526,1.085950833
361,2017-08-28,16.93,15.78,1.0729,1.1016333329999999,1.092652,1.085905833
362,2017-08-29,16.43,15.34,1.0711,1.099995238,1.092702,1.085810833
363,2017-08-30,16.23,15.18,1.0692,1.097219048,1.09254,1.085678333
364,2017-08-31,16.15,15.1,1.0695,1.0944857140000002,1.092266,1.08555
365,2017-09-01,16.37,15.39,1.0637,1.09177619,1.092074,1.085418333
366,2017-09-05,16.76,15.62,1.073,1.0901476190000001,1.091956,1.085265
367,2017-09-06,17.03,15.8,1.0778,1.08832381,1.091866,1.0851566670000001
368,2017-09-07,17.33,15.98,1.0845,1.086704762,1.091676,1.085261667
369,2017-09-08,17.42,16.12,1.0806,1.085190476,1.091658,1.0853266670000001
370,2017-09-11,17.42,16.34,1.0661,1.082985714,1.0914540000000001,1.085178333
371,2017-09-12,17.54,16.25,1.0794,1.081804762,1.0914540000000001,1.085088333
372,2017-09-13,18.12,16.87,1.0741,1.080547619,1.09122,1.08497
373,2017-09-14,17.95,16.52,1.0866,1.080214286,1.091246,1.085003333
374,2017-09-15,17.79,16.46,1.0808,1.0797809520000001,1.091238,1.084966667
375,2017-09-18,17.37,16.14,1.0762,1.078933333,1.091284,1.084961667
376,2017-09-19,16.81,15.7,1.0707,1.077795238,1.0911620000000002,1.084763333
377,2017-09-20,16.54,15.24,1.0853,1.077333333,1.0914620000000002,1.084694167
378,2017-09-21,16.49,15.13,1.0899,1.077414286,1.091774,1.084769167
379,2017-09-22,16.41,15.04,1.0911,1.077342857,1.0922,1.084938333
380,2017-09-25,16.74,15.39,1.0877,1.07752381,1.0924120000000002,1.0850725
381,2017-09-26,16.54,15.14,1.0925,1.07822381,1.09253,1.0853674999999998
382,2017-09-27,16.42,15.06,1.0903,1.079052381,1.0926879999999999,1.085581667
383,2017-09-28,16.46,15.07,1.0922,1.0800571429999999,1.09286,1.0857033329999999
384,2017-09-29,16.48,15.02,1.0972,1.081390476,1.093134,1.0858075
385,2017-10-02,16.6,15.08,1.1008,1.082880952,1.09324,1.0860100000000001
386,2017-10-03,16.71,15.26,1.095,1.0843714290000002,1.092938,1.086139167
387,2017-10-04,16.47,15.03,1.0958,1.085457143,1.092658,1.086233333
388,2017-10-05,16.53,15.03,1.0998,1.0865047620000001,1.09226,1.0864
389,2017-10-06,17.02,15.46,1.1009,1.087285714,1.091918,1.0866116670000001
390,2017-10-09,16.65,15.3,1.0882,1.087647619,1.091286,1.086760833
391,2017-10-10,16.84,15.51,1.0858,1.0885857140000001,1.090892,1.0868866670000001
392,2017-10-11,16.52,15.15,1.0904,1.0891095240000002,1.09015,1.086945833
393,2017-10-12,16.55,15.22,1.0874,1.089742857,1.08936,1.0869725000000001
394,2017-10-13,16.19,14.95,1.0829,1.089566667,1.088606,1.08694
395,2017-10-16,16.25,14.98,1.0848,1.089757143,1.088158,1.086925833
396,2017-10-17,16.31,15.11,1.0794,1.089909524,1.087424,1.08681
397,2017-10-18,16.33,14.98,1.0901,1.090833333,1.086856,1.0866675
398,2017-10-19,16.45,15.02,1.0952,1.091304762,1.0865120000000001,1.086519167
399,2017-10-20,17.48,15.91,1.0987,1.09172381,1.0862379999999998,1.086309167
400,2017-10-23,16.85,15.22,1.1071,1.0924857140000002,1.086296,1.0864658329999999
401,2017-10-24,16.3,14.83,1.0991,1.0930285709999998,1.086268,1.086578333
402,2017-10-25,16.01,14.65,1.0928,1.093042857,1.086252,1.086696667
403,2017-10-26,16.38,14.65,1.1181,1.094366667,1.086816,1.087066667
404,2017-10-27,16.04,14.4,1.1139,1.0954,1.087214,1.087350833
405,2017-10-30,16.41,14.74,1.1133,1.096166667,1.087588,1.087645833
406,2017-10-31,12.52,11.53,1.0859,1.095457143,1.0874059999999999,1.087701667
407,2017-11-01,12.05,11.29,1.0673,1.094138095,1.0869879999999998,1.087521667
408,2017-11-02,11.78,10.84,1.0867,1.093704762,1.08687,1.087511667
409,2017-11-03,11.61,10.59,1.0963,1.093538095,1.087118,1.0876141670000001
410,2017-11-06,12.02,10.97,1.0957,1.093290476,1.087476,1.0878275
411,2017-11-07,11.88,10.74,1.1061,1.094142857,1.0881399999999999,1.088115833
412,2017-11-08,11.97,10.83,1.1053,1.095071429,1.088824,1.088415
413,2017-11-09,12.01,10.99,1.0928,1.095185714,1.0892959999999998,1.088555833
414,2017-11-10,12.52,11.37,1.1011,1.095838095,1.089928,1.088728333
415,2017-11-13,12.17,10.95,1.1114,1.097195238,1.090882,1.088989167
416,2017-11-14,12.15,10.92,1.1126,1.098519048,1.091674,1.0892425
417,2017-11-15,12.41,11.11,1.117,1.100309524,1.092458,1.0894700000000002
418,2017-11-16,12.76,11.28,1.1312,1.102266667,1.093392,1.089845833
419,2017-11-17,13.08,11.73,1.1151,1.103214286,1.094082,1.090183333
420,2017-11-20,13.44,12.07,1.1135,1.103919048,1.09503,1.090526667
421,2017-11-21,12.85,11.36,1.1312,1.105066667,1.096066,1.091000833
422,2017-11-22,13.09,11.67,1.1217,1.106142857,1.097018,1.09143
423,2017-11-24,12.99,11.59,1.1208,1.10747619,1.097702,1.0918875
424,2017-11-27,12.68,11.35,1.1172,1.107433333,1.09843,1.092291667
425,2017-11-28,12.88,11.51,1.119,1.10767619,1.099286,1.0926200000000001
426,2017-11-29,13.57,12.18,1.1141,1.107714286,1.100154,1.0928825
427,2017-11-30,13.29,11.93,1.114,1.109052381,1.1007280000000002,1.09307
428,2017-12-01,13.15,11.73,1.1211,1.111614286,1.101352,1.0934125
429,2017-12-04,13.35,11.98,1.1144,1.112933333,1.101818,1.0937299999999999
430,2017-12-05,13.01,11.72,1.1101,1.113590476,1.102266,1.094081667
431,2017-12-06,12.89,11.55,1.1159999999999999,1.1145571429999999,1.1027360000000002,1.094493333
432,2017-12-07,13.28,11.93,1.1132,1.114895238,1.103194,1.094865
433,2017-12-08,13.63,12.19,1.1181,1.115504762,1.103712,1.095205
434,2017-12-11,13.5,12.18,1.1084,1.1162476190000001,1.103936,1.095415
435,2017-12-12,13.59,12.38,1.0977,1.116085714,1.103874,1.095618333
436,2017-12-13,13.62,12.36,1.1019,1.115633333,1.104012,1.09581
437,2017-12-14,13.82,12.45,1.11,1.1155095240000001,1.104296,1.096040833
438,2017-12-15,15.17,13.62,1.1138,1.115357143,1.104576,1.096205833
439,2017-12-18,15.65,14.24,1.099,1.11382381,1.104538,1.096351667
440,2017-12-19,15.43,14.1,1.0943,1.112833333,1.10466,1.096501667
441,2017-12-20,15.17,13.72,1.1057,1.112461905,1.105058,1.096720833
442,2017-12-21,15.51,13.95,1.1118,1.111538095,1.105486,1.0969375
443,2017-12-22,15.5,13.8,1.1232,1.1116095240000001,1.1062020000000001,1.097253333
444,2017-12-26,15.66,14.07,1.113,1.111238095,1.1068040000000001,1.097518333
445,2017-12-27,15.73,14.23,1.1054,1.11067619,1.107216,1.097780833
446,2017-12-28,15.52,14.14,1.0976,1.109657143,1.10758,1.097954167
447,2017-12-29,14.43,13.32,1.0833,1.1081904759999999,1.107444,1.0980625
448,2018-01-02,15.03,13.97,1.0759,1.10637619,1.107058,1.098075833
449,2018-01-03,15.72,14.4,1.0917,1.10497619,1.106918,1.098258333
450,2018-01-04,15.92,14.75,1.0793,1.103304762,1.106362,1.098276667
451,2018-01-05,15.87,14.73,1.0774,1.101747619,1.105928,1.0982
452,2018-01-08,15.98,14.78,1.0812,1.1000904759999999,1.105696,1.09819
453,2018-01-09,15.11,14.1,1.0716,1.098109524,1.104766,1.09809
454,2018-01-10,15.06,13.94,1.0803,1.096309524,1.1040940000000001,1.098063333
455,2018-01-11,15.3,14.13,1.0828,1.095090476,1.103484,1.0979575000000001
456,2018-01-12,15.12,14.14,1.0693,1.093738095,1.1031520000000001,1.0976175
457,2018-01-16,13.81,12.48,1.1066,1.093961905,1.1039379999999999,1.097590833
458,2018-01-17,13.83,12.39,1.1162,1.0942571429999999,1.1045280000000002,1.0975616670000001
459,2018-01-18,13.7,12.37,1.1075,1.093957143,1.104752,1.0974741670000001
460,2018-01-19,14.21,12.85,1.1058,1.094280952,1.104954,1.0973575
461,2018-01-22,14.55,13.28,1.0956,1.094342857,1.104744,1.097275
462,2018-01-23,14.99,13.59,1.103,1.094214286,1.104698,1.097070833
463,2018-01-24,14.93,13.61,1.097,1.0935095240000001,1.104782,1.096821667
464,2018-01-25,14.57,13.31,1.0947,1.092152381,1.104654,1.096605833
465,2018-01-26,14.62,13.27,1.1017,1.091614286,1.10446,1.09656
466,2018-01-29,14.53,13.18,1.1024,1.091471429,1.104256,1.096445833
467,2018-01-30,14.11,12.99,1.0862,1.0909285709999998,1.10364,1.096176667
468,2018-01-31,13.86,12.85,1.0786,1.090704762,1.102588,1.095895
469,2018-02-01,13.95,12.7,1.0984,1.09177619,1.102254,1.095778333
470,2018-02-02,13.65,12.41,1.0999,1.092166667,1.101982,1.0957424999999998
471,2018-02-05,12.92,11.87,1.0885,1.0926047620000001,1.101128,1.0956424999999999
472,2018-02-06,13.1,12.05,1.0871,1.093066667,1.100436,1.095588333
473,2018-02-07,13.26,12.15,1.0914,1.0935523809999999,1.099848,1.095600833
474,2018-02-08,13.14,11.95,1.0996,1.0948857140000001,1.0994959999999998,1.0956475
475,2018-02-09,13.75,12.46,1.1035,1.0959904759999999,1.099186,1.095721667
476,2018-02-12,14.23,13.18,1.0797,1.095842857,1.098498,1.095594167
477,2018-02-13,16.7,15.29,1.0922,1.096933333,1.098062,1.0956275
478,2018-02-14,17.76,16.14,1.1004,1.096638095,1.097648,1.0956925
479,2018-02-15,18.41,16.54,1.1131,1.096490476,1.0976219999999999,1.095935833
480,2018-02-16,17.36,15.78,1.1001,1.096138095,1.097422,1.096121667
481,2018-02-20,17.14,15.41,1.1123,1.096447619,1.097348,1.09645
482,2018-02-21,17.03,15.32,1.1116,1.0972095240000002,1.097316,1.0967875
483,2018-02-22,16.62,14.97,1.1102,1.0975523809999999,1.097158,1.097129167
484,2018-02-23,17.02,15.3,1.1124,1.098285714,1.097238,1.097486667
485,2018-02-26,17.25,15.42,1.1187,1.099428571,1.097658,1.0979450000000002
486,2018-02-27,16.75,15.09,1.11,1.09982381,1.09782,1.098253333
487,2018-02-28,16.58,15.05,1.1017,1.099790476,1.0976540000000001,1.0984525
488,2018-03-01,16.14,14.39,1.1216,1.10147619,1.09781,1.098761667
489,2018-03-02,17.02,15.23,1.1175,1.103328571,1.09818,1.0990691670000001
490,2018-03-05,17.42,15.56,1.1195,1.104333333,1.098684,1.099514167
491,2018-03-06,17.62,15.73,1.1202,1.1053,1.098974,1.099854167
492,2018-03-07,17.38,15.5,1.1213,1.106861905,1.099164,1.1002475
493,2018-03-08,17.16,15.29,1.1223,1.108538095,1.099146,1.100545
494,2018-03-09,17.05,15.18,1.1232,1.110052381,1.09935,1.100898333
495,2018-03-12,17.18,15.24,1.1273,1.111371429,1.099788,1.101324167
496,2018-03-13,16.56,14.58,1.1358,1.112909524,1.100552,1.1018666670000001
497,2018-03-14,16.08,14.02,1.1469,1.116109524,1.101824,1.10238
498,2018-03-15,15.9,13.83,1.1497,1.118847619,1.1033,1.102878333
499,2018-03-16,16.19,14.08,1.1499,1.121204762,1.104464,1.103368333
500,2018-03-19,16.15,14.07,1.1478,1.122857143,1.105834,1.103869167
501,2018-03-20,16.0,14.01,1.1420000000000001,1.124852381,1.107126,1.104281667
502,2018-03-21,15.95,14.07,1.1336,1.125866667,1.108174,1.1046425
503,2018-03-22,15.73,13.71,1.1473,1.127566667,1.109688,1.105101667
504,2018-03-23,15.78,13.72,1.1501,1.129466667,1.111084,1.1055424999999999
505,2018-03-26,16.67,14.46,1.1528,1.131390476,1.112484,1.105975833
506,2018-03-27,16.44,14.32,1.148,1.1327857140000002,1.114058,1.1064174999999998
507,2018-03-28,16.33,14.19,1.1508,1.134728571,1.114942,1.106875833
508,2018-03-29,16.35,14.35,1.1394,1.13652381,1.115406,1.1072058329999999
509,2018-04-02,16.1,13.99,1.1508,1.137914286,1.116272,1.107621667
510,2018-04-03,16.82,14.73,1.1419,1.13907619,1.116994,1.108069167
511,2018-04-04,17.89,15.64,1.1439,1.140238095,1.11796,1.108553333
512,2018-04-05,17.47,15.19,1.1501,1.141661905,1.118902,1.109050833
513,2018-04-06,16.98,14.75,1.1512,1.1430857140000001,1.1199860000000001,1.1095825000000001
514,2018-04-09,16.64,14.4,1.1556,1.144671429,1.121204,1.110188333
515,2018-04-10,16.82,14.58,1.1536,1.1461190479999999,1.122242,1.110761667
516,2018-04-11,16.74,14.71,1.138,1.146628571,1.122954,1.11125
517,2018-04-12,17.04,14.99,1.1368,1.14667619,1.123966,1.111639167
518,2018-04-13,16.49,14.34,1.1499,1.146819048,1.125392,1.112095
519,2018-04-16,16.45,14.35,1.1463,1.1466571429999999,1.12635,1.112491667
520,2018-04-17,16.35,14.2,1.1514,1.146728571,1.1273799999999998,1.112860833
521,2018-04-18,16.1,14.02,1.1484,1.1467571429999999,1.128578,1.113271667
522,2018-04-19,16.08,14.01,1.1478,1.147033333,1.129792,1.1137299999999999
523,2018-04-20,16.1,13.99,1.1508,1.1478523809999999,1.1309799999999999,1.1140025
524,2018-04-23,16.73,14.61,1.1451,1.147747619,1.13189,1.1142625
525,2018-04-24,16.96,14.81,1.1452,1.147514286,1.132724,1.114528333
526,2018-04-25,16.44,14.32,1.148,1.1472857140000001,1.13409,1.115045833
527,2018-04-26,16.91,14.69,1.1511,1.147433333,1.135268,1.1157441670000001
528,2018-04-27,17.83,15.37,1.1601,1.14787619,1.136462,1.116355833
529,2018-04-30,17.76,15.35,1.157,1.148714286,1.13734,1.116861667
530,2018-05-01,18.03,16.15,1.1164,1.14707619,1.137666,1.1170341670000001
531,2018-05-02,18.36,16.37,1.1216,1.146109524,1.137852,1.117163333
532,2018-05-03,17.37,15.57,1.1156,1.144761905,1.137932,1.117249167
533,2018-05-04,17.36,15.73,1.1036,1.1425476190000001,1.1378,1.1173391670000001
534,2018-05-07,17.87,16.25,1.0997,1.140095238,1.137546,1.1173275
535,2018-05-08,18.32,16.51,1.1096,1.137904762,1.137364,1.1173125
536,2018-05-09,18.29,16.51,1.1078,1.13572381,1.13732,1.1172725000000001
537,2018-05-10,18.56,16.64,1.1154,1.134647619,1.137594,1.117259167
538,2018-05-11,18.76,16.9,1.1101,1.13337619,1.137364,1.117083333
539,2018-05-14,18.44,16.66,1.1068,1.13132381,1.13715,1.117014167
540,2018-05-15,18.88,17.13,1.1022,1.12922381,1.1368040000000001,1.1169200000000001
541,2018-05-16,20.52,18.31,1.1207,1.127761905,1.136814,1.1168325000000001
542,2018-05-17,20.38,17.84,1.1424,1.12747619,1.1372360000000001,1.117005
543,2018-05-18,20.12,18.0,1.1178,1.1260476190000002,1.137146,1.1169799999999999
544,2018-05-21,20.11,17.97,1.1191,1.124538095,1.1370639999999999,1.116995833
545,2018-05-22,19.84,17.81,1.114,1.123057143,1.136798,1.116954167
546,2018-05-23,20.07,17.89,1.1219,1.121947619,1.13652,1.117019167
547,2018-05-24,20.58,18.39,1.1191,1.120571429,1.135964,1.117061667
548,2018-05-25,20.85,18.88,1.1043,1.118342857,1.1350559999999998,1.116921667
549,2018-05-29,20.66,18.57,1.1125,1.11607619,1.134308,1.116905833
550,2018-05-30,21.4,19.2,1.1146,1.114057143,1.133644,1.116943333
551,2018-05-31,20.9,18.92,1.1047,1.1135,1.132898,1.116849167
552,2018-06-01,21.36,19.33,1.105,1.112709524,1.132326,1.116780833
553,2018-06-04,22.71,20.47,1.1094,1.112414286,1.1315680000000001,1.116708333
554,2018-06-05,23.53,21.3,1.1047,1.112466667,1.13066,1.1166775
555,2018-06-06,24.25,22.1,1.0973,1.112352381,1.12955,1.116674167
556,2018-06-07,23.57,21.65,1.0887,1.111357143,1.128364,1.116564167
557,2018-06-08,24.31,22.4,1.0853,1.110285714,1.127054,1.116358333
558,2018-06-11,24.1,22.17,1.0871,1.108938095,1.126008,1.116135833
559,2018-06-12,24.0,22.13,1.0845,1.1077190479999999,1.124682,1.116015
560,2018-06-13,23.62,21.77,1.085,1.106680952,1.123544,1.1159375
561,2018-06-14,23.47,21.73,1.0801,1.105628571,1.122268,1.115724167
562,2018-06-15,23.21,21.47,1.081,1.103738095,1.120886,1.1154674999999998
563,2018-06-18,23.31,21.56,1.0812,1.10082381,1.119486,1.1151175
564,2018-06-19,22.62,20.86,1.0844,1.099233333,1.1180620000000001,1.114879167
565,2018-06-20,23.11,21.36,1.0819,1.097461905,1.1166280000000002,1.1146833329999999
566,2018-06-21,22.76,21.08,1.0797,1.095828571,1.1154620000000002,1.114534167
567,2018-06-22,22.38,20.79,1.0765,1.093666667,1.114256,1.1144775
568,2018-06-25,22.31,20.76,1.0747,1.0915523809999998,1.112752,1.1144675
569,2018-06-26,22.6,21.08,1.0721,1.090019048,1.111268,1.114304167
570,2018-06-27,22.81,21.22,1.0749,1.088228571,1.109738,1.1142675
571,2018-06-28,23.41,21.84,1.0719,1.086195238,1.108208,1.114221667
572,2018-06-29,22.48,21.08,1.0664,1.0843714290000002,1.10658,1.114098333
573,2018-07-02,22.52,21.15,1.0648,1.082457143,1.10486,1.114041667
574,2018-07-03,22.52,21.1,1.0673,1.080452381,1.103304,1.113933333
575,2018-07-05,22.07,20.75,1.0636,1.078495238,1.101672,1.113773333
576,2018-07-06,22.26,20.87,1.0666,1.077033333,1.100044,1.1137508329999999
577,2018-07-09,22.28,20.8,1.0712,1.0762,1.0984459999999998,1.113455833
578,2018-07-10,22.57,21.15,1.0671,1.075333333,1.096586,1.113046667
579,2018-07-11,22.19,20.84,1.0648,1.0742714290000002,1.094742,1.112690833
580,2018-07-12,21.91,20.5,1.0688,1.07352381,1.09379,1.1123825
581,2018-07-13,21.49,20.23,1.0623,1.072442857,1.0926040000000001,1.112105
582,2018-07-16,21.56,20.11,1.0721,1.072061905,1.091734,1.1118475
583,2018-07-17,21.51,20.01,1.075,1.07177619,1.0911620000000002,1.111664167
584,2018-07-18,21.81,20.02,1.0894,1.072166667,1.090956,1.11162
585,2018-07-19,22.1,20.19,1.0946,1.072652381,1.0906559999999998,1.111560833
586,2018-07-20,21.61,20.02,1.0794,1.072533333,1.090088,1.111369167
587,2018-07-23,21.39,19.83,1.0787,1.0724857140000001,1.0893540000000002,1.111306667
588,2018-07-24,20.61,19.24,1.0712,1.072233333,1.088576,1.111245
589,2018-07-25,21.08,19.74,1.0679,1.071909524,1.087798,1.110990833
590,2018-07-26,22.04,20.55,1.0725,1.071928571,1.087204,1.1107625
591,2018-07-27,20.6,19.28,1.0685,1.07162381,1.08616,1.1105958329999999
592,2018-07-30,20.11,18.68,1.0766,1.0718476190000001,1.0848440000000001,1.110508333
593,2018-07-31,19.97,18.74,1.0656,1.071809524,1.0838,1.110293333
594,2018-08-01,19.09,17.77,1.0743,1.072261905,1.082904,1.1100825
595,2018-08-02,19.61,18.17,1.0793,1.072833333,1.0822100000000001,1.109880833
596,2018-08-03,19.68,18.38,1.0707,1.073171429,1.081186,1.109805833
597,2018-08-06,19.71,18.37,1.0729,1.073471429,1.080262,1.109645
598,2018-08-07,19.88,18.49,1.0752,1.073661905,1.07968,1.109435
599,2018-08-08,20.25,18.76,1.0794,1.074247619,1.079018,1.109154167
600,2018-08-09,20.72,19.15,1.082,1.075066667,1.078366,1.109003333
601,2018-08-10,20.63,19.14,1.0778,1.075495238,1.077828,1.108715833
602,2018-08-13,20.8,19.21,1.0828,1.0764714290000001,1.0773840000000001,1.108475833
603,2018-08-14,21.52,19.79,1.0874,1.0772,1.0769440000000001,1.108285833
604,2018-08-15,20.59,19.02,1.0825,1.077557143,1.0765,1.108036667
605,2018-08-16,20.92,19.22,1.0884,1.077509524,1.076322,1.107784167
606,2018-08-17,20.49,18.92,1.083,1.076957143,1.076208,1.107559167
607,2018-08-20,21.21,19.45,1.0905,1.077485714,1.0763120000000002,1.107465833
608,2018-08-21,21.65,19.86,1.0901,1.078028571,1.0763719999999999,1.107203333
609,2018-08-22,21.64,19.82,1.0918,1.0790095240000002,1.076518,1.106989167
610,2018-08-23,21.74,19.94,1.0903,1.08007619,1.076624,1.106745833
611,2018-08-24,21.5,19.71,1.0908,1.080947619,1.076838,1.106500833
612,2018-08-27,20.62,19.03,1.0836,1.0816666670000001,1.07689,1.106186667
613,2018-08-28,20.94,19.29,1.0855,1.0820904759999999,1.076976,1.10588
614,2018-08-29,21.07,19.3,1.0917,1.083333333,1.077122,1.1056175
615,2018-08-30,20.67,19.04,1.0856,1.083871429,1.0771959999999998,1.10527
616,2018-08-31,20.45,18.97,1.078,1.083809524,1.0771620000000002,1.104788333
617,2018-09-04,20.75,19.31,1.0746,1.083995238,1.077124,1.104185833
618,2018-09-05,20.45,19.19,1.0657,1.0836523809999998,1.0769440000000001,1.103485833
619,2018-09-06,20.41,19.18,1.0641,1.08312381,1.076784,1.102770833
620,2018-09-07,19.66,18.42,1.0673,1.082547619,1.076632,1.1021
621,2018-09-10,20.08,18.72,1.0726,1.0821,1.076646,1.101521667
622,2018-09-11,20.16,18.76,1.0746,1.0819476190000001,1.07681,1.10103
623,2018-09-12,20.08,18.64,1.0773,1.081685714,1.0770600000000001,1.100446667
624,2018-09-13,19.66,18.35,1.0714,1.08092381,1.077142,1.099790833
625,2018-09-14,18.96,17.74,1.0688,1.080271429,1.077246,1.099090833
626,2018-09-17,19.11,17.67,1.0815,1.079942857,1.077544,1.098536667
627,2018-09-18,18.96,17.46,1.0859,1.080080952,1.0778379999999999,1.097995833
628,2018-09-19,18.76,17.28,1.0856,1.0798476190000001,1.078208,1.0975475000000001
629,2018-09-20,20.0,18.15,1.1019,1.080409524,1.07895,1.09714
630,2018-09-21,20.57,18.7,1.1,1.0808,1.079574,1.096790833
631,2018-09-24,20.69,18.84,1.0982,1.08117619,1.080292,1.09641
632,2018-09-25,20.44,18.74,1.0907,1.081171429,1.0806639999999998,1.095915
633,2018-09-26,21.1,19.27,1.095,1.081714286,1.081064,1.095446667
634,2018-09-27,21.05,19.24,1.0941,1.08212381,1.081158,1.0949341670000001
635,2018-09-28,21.22,19.46,1.0904,1.082061905,1.0810739999999999,1.0944075
636,2018-10-01,21.14,19.34,1.0931,1.082419048,1.081348,1.094033333
637,2018-10-02,20.21,18.52,1.0913,1.083052381,1.0816,1.093654167
638,2018-10-03,20.53,18.85,1.0891,1.083742857,1.081958,1.0931475
639,2018-10-04,19.88,18.29,1.0869,1.084752381,1.082338,1.0926525
640,2018-10-05,19.42,17.81,1.0904,1.086004762,1.0826959999999999,1.092144167
641,2018-10-08,19.35,17.68,1.0945,1.0873,1.083216,1.091695
642,2018-10-09,19.4,17.72,1.0948,1.0883571429999999,1.08358,1.091253333
643,2018-10-10,18.26,16.81,1.0863,1.0889142859999998,1.0839940000000001,1.090715833
644,2018-10-11,18.23,16.82,1.0838,1.08922381,1.084184,1.0902049999999999
645,2018-10-12,18.67,17.27,1.0811,1.089685714,1.0842200000000002,1.089670833
646,2018-10-15,18.76,17.31,1.0838,1.0904,1.084482,1.089135833
647,2018-10-16,19.56,17.91,1.0921,1.090904762,1.0848659999999999,1.088644167
648,2018-10-17,19.12,17.56,1.0888,1.091042857,1.085138,1.08805
649,2018-10-18,18.62,17.14,1.0863,1.09107619,1.0852760000000001,1.087460833
650,2018-10-19,18.2,16.8,1.0833,1.0901904759999999,1.085302,1.087185
651,2018-10-22,18.58,17.04,1.0904,1.0897333329999999,1.0855540000000001,1.086925
652,2018-10-23,18.53,16.94,1.0939,1.089528571,1.085776,1.086744167
653,2018-10-24,18.23,16.74,1.089,1.089447619,1.0858079999999999,1.0866225
654,2018-10-25,18.51,17.03,1.0869,1.089061905,1.085896,1.086515833
655,2018-10-26,17.98,16.55,1.0864,1.088695238,1.085856,1.0863225
656,2018-10-29,18.19,16.81,1.0821,1.0883,1.0858379999999999,1.0861083329999999
657,2018-10-30,23.23,20.97,1.1078,1.089,1.086184,1.0860450000000001
658,2018-10-31,22.11,19.83,1.115,1.090128571,1.086682,1.086085833
659,2018-11-01,23.34,21.11,1.1056,1.0909142859999998,1.086958,1.086075833
660,2018-11-02,23.7,21.42,1.1064,1.091842857,1.08728,1.086110833
661,2018-11-05,23.99,21.46,1.1179,1.093152381,1.0878219999999998,1.0860875
662,2018-11-06,23.3,20.91,1.1143,1.094095238,1.088436,1.085853333
663,2018-11-07,22.88,20.66,1.1075,1.0947,1.088876,1.0857675
664,2018-11-08,22.98,20.74,1.1079999999999999,1.0957333329999999,1.089202,1.085675
665,2018-11-09,22.75,20.74,1.0969,1.0963571429999999,1.089428,1.0855325
666,2018-11-12,22.59,20.82,1.085,1.096542857,1.089568,1.085225
667,2018-11-13,22.79,21.11,1.0796,1.096342857,1.089668,1.084895833
668,2018-11-14,22.58,20.95,1.0778,1.095661905,1.08991,1.084675
669,2018-11-15,22.39,20.9,1.0713,1.0948285709999999,1.090054,1.084331667
670,2018-11-16,21.75,20.21,1.0762,1.094347619,1.0902319999999999,1.084011667
671,2018-11-19,21.14,19.42,1.0886,1.0946,1.090552,1.0838775
672,2018-11-20,20.83,19.38,1.0748,1.093857143,1.0905559999999999,1.083625833
673,2018-11-21,21.5,20.03,1.0734,1.092880952,1.090478,1.083325833
674,2018-11-23,21.5,20.08,1.0707,1.092009524,1.0904639999999999,1.0830425
675,2018-11-26,22.22,20.66,1.0755,1.091466667,1.090598,1.082860833
676,2018-11-27,21.8,20.4,1.0686,1.090619048,1.0903399999999999,1.082693333
677,2018-11-28,23.01,21.57,1.0668,1.0898904759999999,1.089958,1.082539167
678,2018-11-29,23.14,21.75,1.0639,1.0878,1.089524,1.082345833
679,2018-11-30,23.88,22.33,1.0694,1.085628571,1.088874,1.0822200000000002
680,2018-12-03,23.99,22.53,1.0648,1.083685714,1.08817,1.082051667
681,2018-12-04,23.34,21.97,1.0624,1.081590476,1.0874540000000001,1.081904167
682,2018-12-06,24.07,22.58,1.0659999999999998,1.079119048,1.08696,1.081779167
683,2018-12-07,23.45,22.07,1.0625,1.076652381,1.08631,1.081623333
684,2018-12-10,22.39,21.01,1.0657,1.074661905,1.085742,1.0814675
685,2018-12-11,22.12,20.87,1.0599,1.0723714290000002,1.085132,1.081284167
686,2018-12-12,19.81,19.01,1.0421,1.069761905,1.0841120000000002,1.080970833
687,2018-12-13,18.77,17.81,1.0539,1.068280952,1.083364,1.0807825
688,2018-12-14,18.99,17.73,1.0711,1.06787619,1.083004,1.0807525
689,2018-12-17,18.4,17.02,1.0811,1.068033333,1.0828879999999999,1.0808275
690,2018-12-18,18.81,17.4,1.081,1.068495238,1.0827,1.080878333
691,2018-12-19,18.1,16.64,1.0877,1.0690428570000001,1.0825639999999999,1.08101
692,2018-12-20,17.69,16.08,1.1001,1.069590476,1.08267,1.081290833
693,2018-12-21,16.96,15.41,1.1006,1.070819048,1.082956,1.081589167
694,2018-12-24,16.75,15.19,1.1027,1.072214286,1.083334,1.0818841670000001
695,2018-12-26,17.82,16.23,1.0979999999999999,1.073514286,1.083672,1.082170833
696,2018-12-27,17.91,16.25,1.1022,1.0747857140000001,1.08404,1.0824675
697,2018-12-28,17.52,15.99,1.0957,1.07607619,1.0841120000000002,1.082671667
698,2018-12-31,17.67,16.17,1.0928,1.077314286,1.084192,1.082885833
699,2019-01-02,17.81,16.45,1.0827,1.078209524,1.08412,1.083035
700,2019-01-03,17.38,15.96,1.089,1.0791428570000001,1.084234,1.083203333
701,2019-01-04,18.13,16.6,1.0922,1.080447619,1.08427,1.0834525
702,2019-01-07,18.67,17.11,1.0912,1.081819048,1.084216,1.083611667
703,2019-01-08,18.87,17.24,1.0945,1.08317619,1.0843260000000001,1.083774167
704,2019-01-09,19.22,17.62,1.0908,1.08452381,1.0844040000000001,1.0837858329999999
705,2019-01-10,19.2,17.55,1.094,1.085871429,1.0845559999999999,1.083780833
706,2019-01-11,19.67,17.86,1.1013,1.087842857,1.08494,1.083963333
707,2019-01-14,19.71,17.88,1.1023,1.090709524,1.08483,1.08416
708,2019-01-15,19.74,17.92,1.1016,1.092980952,1.084562,1.0844133329999999
709,2019-01-16,19.61,17.77,1.1035,1.09452381,1.0845200000000002,1.08471
710,2019-01-17,20.03,18.15,1.1036,1.095595238,1.0844639999999999,1.0849691670000001
711,2019-01-18,20.49,18.55,1.1046,1.096719048,1.084198,1.0852700000000002
712,2019-01-22,20.48,18.59,1.1017,1.097385714,1.0839459999999999,1.0854791670000001
713,2019-01-23,20.28,18.4,1.1022,1.097485714,1.08384,1.0857841670000001
714,2019-01-24,20.74,18.86,1.0997,1.097442857,1.083674,1.085995833
715,2019-01-25,21.44,19.49,1.1001,1.097319048,1.0837379999999999,1.086169167
716,2019-01-28,21.34,19.37,1.1017,1.097495238,1.084072,1.0864274999999999
717,2019-01-29,20.89,18.93,1.1035,1.097557143,1.08455,1.0866825
718,2019-01-30,20.92,19.01,1.1005,1.097785714,1.085004,1.086893333
719,2019-01-31,20.74,18.94,1.095,1.097890476,1.0854780000000002,1.0870233329999999
720,2019-02-01,20.63,18.86,1.0938,1.098419048,1.0858299999999999,1.0871216670000001
721,2019-02-04,20.7,18.93,1.0935,1.098633333,1.085928,1.0872525
722,2019-02-05,20.9,19.1,1.0942,1.0987285709999999,1.086316,1.0873475000000001
723,2019-02-06,20.72,18.93,1.0946,1.098890476,1.08674,1.0874075
724,2019-02-07,20.37,18.63,1.0934,1.098838095,1.087194,1.0874983329999999
725,2019-02-08,20.75,19.04,1.0898,1.098790476,1.08748,1.08751
726,2019-02-11,20.78,19.15,1.0851,1.098366667,1.08781,1.0875275
727,2019-02-12,22.21,20.01,1.1099,1.09877619,1.0886719999999999,1.087689167
728,2019-02-13,21.78,19.88,1.0956,1.098457143,1.0893059999999999,1.0877350000000001
729,2019-02-14,21.83,19.78,1.1036,1.098552381,1.08999,1.087833333
730,2019-02-15,21.16,19.04,1.1113,1.09892381,1.0909200000000001,1.0880083329999999
731,2019-02-19,21.36,19.39,1.1016,1.0988285709999999,1.091704,1.088098333
732,2019-02-20,21.28,19.18,1.1095,1.099061905,1.092574,1.088314167
733,2019-02-21,21.42,19.41,1.1036,1.099152381,1.0933959999999998,1.088465
734,2019-02-22,21.68,19.66,1.1027,1.09917619,1.094136,1.088556667
735,2019-02-25,21.8,19.63,1.1105,1.099690476,1.095148,1.0887641670000001
736,2019-02-26,21.72,19.37,1.1213,1.1007,1.096732,1.089125
737,2019-02-27,22.52,20.08,1.1215,1.101642857,1.098084,1.0895158329999999
738,2019-02-28,22.55,20.08,1.123,1.1025714290000002,1.099122,1.089993333
739,2019-03-01,22.86,20.41,1.12,1.1035,1.0999,1.0904591670000001
740,2019-03-04,22.27,19.85,1.1219,1.104780952,1.100718,1.090914167
741,2019-03-05,22.31,19.83,1.1251,1.106271429,1.101466,1.091351667
742,2019-03-06,21.76,19.43,1.1199,1.107528571,1.1018620000000001,1.091729167
743,2019-03-07,21.65,19.36,1.1183,1.10867619,1.102216,1.092070833
744,2019-03-08,21.47,19.11,1.1235,1.110052381,1.102632,1.0925049999999998
745,2019-03-11,22.03,19.69,1.1188,1.111261905,1.103048,1.092921667
746,2019-03-12,21.83,19.69,1.1087,1.112161905,1.103178,1.093148333
747,2019-03-13,22.08,19.7,1.1208,1.113861905,1.10368,1.093439167
748,2019-03-14,22.35,19.9,1.1231,1.1144904759999998,1.104286,1.093751667
749,2019-03-15,22.21,19.8,1.1217,1.1157333329999999,1.1050659999999999,1.093916667
750,2019-03-18,22.35,19.85,1.1259,1.116795238,1.105804,1.0941325000000002
751,2019-03-19,22.15,19.73,1.1227,1.117338095,1.106414,1.094336667
752,2019-03-20,21.39,19.0,1.1258,1.1184904759999998,1.107106,1.0946291670000001
753,2019-03-21,21.7,19.28,1.1255,1.119252381,1.107726,1.094883333
754,2019-03-22,20.72,18.41,1.1255,1.120295238,1.1084200000000002,1.095145
755,2019-03-25,20.87,18.58,1.1233,1.12127619,1.109006,1.095419167
756,2019-03-26,20.87,18.59,1.1226,1.1218523809999998,1.109432,1.095665
757,2019-03-27,20.99,18.72,1.1213,1.1218523809999998,1.109812,1.095915
758,2019-03-28,21.29,18.95,1.1235,1.121947619,1.11025,1.096201667
759,2019-03-29,21.14,18.87,1.1203,1.1218190479999999,1.110586,1.09648
760,2019-04-01,21.1,18.84,1.12,1.1218190479999999,1.110914,1.096726667
761,2019-04-02,21.33,19.03,1.1209,1.121771429,1.11124,1.096946667
762,2019-04-03,21.39,19.14,1.1176,1.121414286,1.111558,1.097136667
763,2019-04-04,22.01,19.77,1.1133,1.1211,1.11178,1.097361667
764,2019-04-05,21.83,19.64,1.1115,1.12077619,1.112016,1.0975925
765,2019-04-08,21.74,19.5,1.1149,1.120366667,1.1123120000000002,1.097874167
766,2019-04-09,20.72,18.71,1.1074,1.11982381,1.112426,1.098070833
767,2019-04-10,21.36,19.32,1.1056,1.11967619,1.112468,1.098183333
768,2019-04-11,21.4,19.34,1.1065,1.118995238,1.112588,1.098330833
769,2019-04-12,21.86,19.69,1.1102,1.118380952,1.112892,1.09853
770,2019-04-15,21.91,19.77,1.1082,1.117738095,1.1131799999999998,1.0987375
771,2019-04-16,21.8,19.5,1.1179,1.117357143,1.113668,1.098966667
772,2019-04-17,21.93,19.66,1.1155,1.1170142859999999,1.1140940000000001,1.099146667
773,2019-04-18,22.16,19.74,1.1226,1.116861905,1.114654,1.0994266670000001
774,2019-04-22,21.94,19.54,1.1228,1.116733333,1.115242,1.099725833
775,2019-04-23,22.38,19.94,1.1224,1.116585714,1.115894,1.100025833
776,2019-04-24,22.83,20.3,1.1246,1.116647619,1.116684,1.10038
777,2019-04-25,22.47,20.1,1.1179,1.11642381,1.116844,1.100464167
778,2019-04-26,22.8,20.4,1.1176,1.1162476190000001,1.117284,1.100485833
779,2019-04-29,22.86,20.56,1.1119,1.115695238,1.11745,1.100538333
780,2019-04-30,23.09,20.72,1.1144,1.115414286,1.117512,1.1006049999999998
781,2019-05-01,22.04,19.68,1.1199,1.1154095240000002,1.1178780000000001,1.100621667
782,2019-05-02,22.82,20.39,1.1192,1.115328571,1.118072,1.1006625
783,2019-05-03,22.74,20.24,1.1235,1.1156095240000001,1.11847,1.100795833
784,2019-05-06,22.33,19.86,1.1244,1.116138095,1.1189040000000001,1.1009325
785,2019-05-07,21.88,19.51,1.1215,1.116614286,1.119124,1.1011375
786,2019-05-08,22.28,19.8,1.1253,1.117109524,1.119204,1.101473333
787,2019-05-09,22.12,19.61,1.128,1.1180904759999999,1.119334,1.101876667
788,2019-05-10,21.79,19.23,1.1331,1.1194,1.119536,1.1023375
789,2019-05-13,20.95,18.53,1.1306,1.120547619,1.119748,1.102831667
790,2019-05-14,21.63,19.13,1.1307,1.12152381,1.119924,1.103285833
791,2019-05-15,21.36,18.95,1.1272,1.122428571,1.119966,1.1036075
792,2019-05-16,21.88,19.36,1.1302,1.1230142859999999,1.120172,1.104069167
793,2019-05-17,23.58,20.7,1.1391,1.124138095,1.120588,1.104616667
794,2019-05-20,23.74,20.86,1.1381,1.12487619,1.1208799999999999,1.105178333
795,2019-05-21,23.87,21.16,1.1281,1.1251285709999999,1.121066,1.105616667
796,2019-05-22,24.27,21.37,1.1357,1.125761905,1.1216059999999999,1.106175833
797,2019-05-23,23.46,20.85,1.1252,1.125790476,1.121694,1.1066625
798,2019-05-24,23.54,20.91,1.1258,1.1261666670000001,1.121748,1.107178333
799,2019-05-28,23.53,20.96,1.1226,1.126404762,1.121766,1.107621667
800,2019-05-29,22.8,20.32,1.122,1.1268857140000001,1.121688,1.108098333
801,2019-05-30,22.95,20.44,1.1228,1.127285714,1.1216899999999999,1.108601667
802,2019-05-31,22.8,20.23,1.127,1.12762381,1.1217139999999999,1.10911
803,2019-06-03,23.57,20.72,1.1375,1.128495238,1.1219540000000001,1.1097350000000001
804,2019-06-04,24.7,21.7,1.1382,1.1291952379999999,1.122208,1.110339167
805,2019-06-05,25.76,22.6,1.1398,1.129928571,1.1225379999999998,1.111005
806,2019-06-06,25.68,22.53,1.1398,1.1308,1.122882,1.111819167
807,2019-06-07,25.9,22.89,1.1315,1.131095238,1.123086,1.112465833
808,2019-06-10,25.78,22.69,1.1362,1.131485714,1.12334,1.113008333
809,2019-06-11,26.18,23.1,1.1333,1.131495238,1.1236,1.113443333
810,2019-06-12,25.98,22.92,1.1335,1.131633333,1.1238700000000001,1.113880833
811,2019-06-13,26.6,23.49,1.1324,1.131714286,1.1241,1.114253333
812,2019-06-14,27.07,23.85,1.135,1.132085714,1.124448,1.114544167
813,2019-06-17,26.69,23.52,1.1348,1.132304762,1.124878,1.1148291670000001
814,2019-06-18,27.27,24.0,1.1363,1.132171429,1.1253739999999999,1.115109167
815,2019-06-19,26.96,23.75,1.1352,1.1320333329999999,1.12578,1.115419167
816,2019-06-20,26.58,23.49,1.1315,1.132195238,1.126262,1.1156633329999999
817,2019-06-21,26.15,23.1,1.1320000000000001,1.1320190479999999,1.12679,1.115965833
818,2019-06-24,25.5,22.45,1.1359,1.132528571,1.127378,1.116325
819,2019-06-25,24.9,21.86,1.1391,1.133161905,1.127956,1.116795
820,2019-06-26,25.07,22.07,1.1359,1.133795238,1.1285100000000001,1.117185833
821,2019-06-27,25.3,22.15,1.1422,1.134757143,1.1289959999999999,1.1176025
822,2019-06-28,25.35,22.2,1.1419,1.135666667,1.129524,1.118025
823,2019-07-01,25.15,22.07,1.1396,1.1362666670000001,1.129864,1.118400833
824,2019-07-02,25.53,22.33,1.1433,1.136542857,1.130274,1.118838333
825,2019-07-03,25.93,22.7,1.1423,1.136738095,1.130672,1.1192408329999999
826,2019-07-05,25.9,22.65,1.1435,1.1369142859999999,1.13105,1.1195925
827,2019-07-08,26.49,23.13,1.1453,1.13717619,1.1315979999999999,1.1199508329999999
828,2019-07-09,26.59,23.21,1.1456,1.137847619,1.132158,1.1203174999999999
829,2019-07-10,26.42,23.02,1.1477,1.138395238,1.132874,1.120685833
830,2019-07-11,26.56,23.22,1.1438,1.138895238,1.133462,1.121020833
831,2019-07-12,27.3,23.98,1.1384,1.1391285709999999,1.133832,1.1213024999999999
832,2019-07-15,27.51,24.3,1.1321,1.1391142859999999,1.13409,1.121555833
833,2019-07-16,27.36,24.26,1.1278,1.1387714290000002,1.134176,1.121769167
834,2019-07-17,26.93,23.83,1.1301,1.1385476190000001,1.13429,1.1220225000000001
835,2019-07-18,26.97,23.91,1.128,1.138152381,1.13442,1.122255
836,2019-07-19,26.95,23.95,1.1253,1.137680952,1.13442,1.122451667
837,2019-07-22,26.64,23.61,1.1283,1.137528571,1.134426,1.122658333
838,2019-07-23,27.19,24.16,1.1254,1.1372142859999999,1.134272,1.1228658329999999
839,2019-07-24,27.34,24.23,1.1284,1.136857143,1.134228,1.123144167
840,2019-07-25,27.34,24.14,1.1326,1.1365476190000001,1.134266,1.1234674999999998
841,2019-07-26,27.24,24.17,1.127,1.13612381,1.134262,1.123746667
842,2019-07-29,27.44,24.39,1.1251,1.135309524,1.13416,1.124004167
843,2019-07-30,24.08,21.05,1.1439,1.135404762,1.134256,1.124415
844,2019-07-31,23.07,20.34,1.1342,1.135147619,1.1341780000000001,1.124755
845,2019-08-01,21.58,19.12,1.1287,1.134452381,1.13419,1.125079167
846,2019-08-02,21.57,19.19,1.124,1.133580952,1.133956,1.125403333
847,2019-08-05,20.82,18.4,1.1315,1.133009524,1.134082,1.125583333
848,2019-08-06,21.27,18.97,1.1212,1.131861905,1.13399,1.1257966670000001
849,2019-08-07,20.93,18.84,1.1109,1.130209524,1.133756,1.1258575000000002
850,2019-08-08,21.08,18.8,1.1213,1.128952381,1.133742,1.125940833
851,2019-08-09,20.19,18.15,1.1124,1.127457143,1.133534,1.126030833
852,2019-08-12,19.68,17.7,1.1119,1.126195238,1.133232,1.1260508329999999
853,2019-08-13,19.85,17.83,1.1133,1.1253,1.1327479999999999,1.1261316670000001
854,2019-08-14,19.01,16.96,1.1209,1.1249714290000001,1.1324020000000001,1.126283333
855,2019-08-15,18.51,16.5,1.1218,1.12457619,1.132042,1.1263775
856,2019-08-16,18.65,16.79,1.1108,1.123757143,1.1314620000000002,1.12629
857,2019-08-19,18.77,16.85,1.1139,1.1232142859999998,1.13111,1.126226667
858,2019-08-20,18.55,16.74,1.1081,1.122252381,1.1305479999999999,1.1261025
859,2019-08-21,18.75,16.92,1.1082,1.121433333,1.1300459999999999,1.126004167
860,2019-08-22,18.98,17.14,1.1074,1.120433333,1.129524,1.125883333
861,2019-08-23,17.92,16.15,1.1096,1.119338095,1.129068,1.125754167
862,2019-08-26,18.0,16.31,1.1036,1.11822381,1.1284399999999999,1.125618333
863,2019-08-27,17.82,16.12,1.1055,1.117290476,1.1278540000000001,1.125511667
864,2019-08-28,18.2,16.5,1.103,1.1153428570000001,1.1271879999999999,1.1253408329999999
865,2019-08-29,18.62,16.96,1.0979,1.113614286,1.126442,1.125166667
866,2019-08-30,18.61,16.92,1.0999,1.112242857,1.12581,1.125093333
867,2019-09-03,18.56,16.88,1.0995,1.11107619,1.12516,1.124915833
868,2019-09-04,18.95,17.24,1.0992,1.109538095,1.124426,1.124716667
869,2019-09-05,19.77,17.91,1.1039,1.1087142859999999,1.1237219999999999,1.124568333
870,2019-09-06,19.56,17.78,1.1001,1.1082,1.123006,1.124353333
871,2019-09-09,20.22,18.32,1.1037,1.107361905,1.122236,1.124195
872,2019-09-10,20.75,18.6,1.1156,1.107514286,1.12171,1.12411
873,2019-09-11,21.36,19.14,1.1159999999999999,1.1077095240000001,1.121238,1.124030833
874,2019-09-12,21.62,19.23,1.1243,1.108233333,1.120858,1.1240208329999999
875,2019-09-13,21.18,19.07,1.1106,1.107742857,1.1202239999999999,1.123915
876,2019-09-16,21.11,19.02,1.1099,1.10717619,1.119552,1.123809167
877,2019-09-17,20.98,19.02,1.103,1.106804762,1.118706,1.123656667
878,2019-09-18,20.79,18.89,1.1006,1.106171429,1.1178059999999999,1.123465833
879,2019-09-19,20.21,18.42,1.0972,1.1056523809999999,1.116796,1.123273333
880,2019-09-20,19.66,17.98,1.0934,1.104947619,1.115788,1.123051667
881,2019-09-23,19.78,17.99,1.0995,1.1045714290000002,1.11501,1.122873333
882,2019-09-24,19.4,17.66,1.0985,1.104042857,1.1143379999999998,1.122714167
883,2019-09-25,19.59,17.85,1.0975,1.1037523809999998,1.113732,1.1225825
884,2019-09-26,19.79,17.97,1.1013,1.1035523809999999,1.113156,1.1224975
885,2019-09-27,19.57,17.79,1.1001,1.103414286,1.112598,1.122374167
886,2019-09-30,19.94,18.13,1.0998,1.103504762,1.112088,1.122310833
887,2019-10-01,19.73,18.01,1.0955,1.103295238,1.111432,1.122226667
888,2019-10-02,19.25,17.52,1.0987,1.103257143,1.110898,1.122161667
889,2019-10-03,19.28,17.5,1.1017,1.10337619,1.110364,1.122090833
890,2019-10-04,19.31,17.59,1.0978,1.103085714,1.109668,1.122004167
891,2019-10-07,19.1,17.47,1.0933,1.102761905,1.108994,1.121799167
892,2019-10-08,19.01,17.35,1.0957,1.102380952,1.108406,1.121634167
893,2019-10-09,19.47,17.75,1.0969,1.101490476,1.107466,1.12142
894,2019-10-10,19.64,17.85,1.1003,1.100742857,1.1067879999999999,1.1212325
895,2019-10-11,19.99,18.26,1.0947,1.099333333,1.106108,1.121001667
896,2019-10-14,20.07,18.23,1.1009,1.0988714290000001,1.105646,1.120804167
897,2019-10-15,20.4,18.46,1.1051,1.098642857,1.105118,1.1206975000000001
898,2019-10-16,20.25,18.36,1.1029,1.098638095,1.104752,1.120575
899,2019-10-17,20.52,18.46,1.1116,1.099161905,1.104766,1.1205725
900,2019-10-18,19.69,17.81,1.1056,1.099561905,1.104452,1.120499167
901,2019-10-21,20.09,18.17,1.1057,1.1001476190000001,1.1043180000000001,1.120380833
902,2019-10-22,21.38,19.42,1.1009,1.100214286,1.104098,1.120228333
903,2019-10-23,20.82,19.01,1.0952,1.100057143,1.103736,1.1199925
904,2019-10-24,20.86,19.01,1.0973,1.1000476190000001,1.103264,1.119766667
905,2019-10-25,21.06,19.06,1.1049,1.100219048,1.102926,1.1196283329999999
906,2019-10-28,21.19,19.04,1.1129,1.1008285709999999,1.102968,1.119525
907,2019-10-29,20.86,18.72,1.1143,1.101519048,1.102976,1.1194108329999999
908,2019-10-30,20.81,18.62,1.1176,1.1025714290000002,1.103166,1.119281667
909,2019-10-31,20.65,18.5,1.1162,1.103404762,1.103326,1.119161667
910,2019-11-01,21.14,18.91,1.1179,1.10417619,1.103536,1.119055
911,2019-11-04,17.14,15.44,1.1101,1.104761905,1.103546,1.1189125
912,2019-11-05,17.9,16.31,1.0975,1.104961905,1.103424,1.1186399999999999
913,2019-11-06,18.17,16.51,1.1005,1.105190476,1.103324,1.118318333
914,2019-11-07,17.59,16.08,1.0939,1.105047619,1.103142,1.11795
915,2019-11-08,17.56,15.88,1.1058,1.1053095240000002,1.1033,1.117764167
916,2019-11-11,17.57,15.96,1.1009,1.105604762,1.10332,1.1174741670000001
917,2019-11-12,17.29,15.58,1.1098,1.106028571,1.103526,1.117345833
918,2019-11-13,17.23,15.67,1.0996,1.105766667,1.103534,1.1171275
919,2019-11-14,17.12,15.56,1.1003,1.105642857,1.1034620000000002,1.116941667
920,2019-11-15,17.79,15.97,1.114,1.105757143,1.10374,1.116875
921,2019-11-18,17.33,15.72,1.1024,1.105604762,1.1037139999999999,1.1167049999999998
922,2019-11-19,17.33,15.61,1.1102,1.1058190479999999,1.1036059999999999,1.116565
923,2019-11-20,16.99,15.43,1.1011,1.105828571,1.103308,1.116261667
924,2019-11-21,16.99,15.24,1.1148,1.106761905,1.103118,1.1160666670000001
925,2019-11-22,17.43,15.66,1.113,1.1075095240000001,1.103166,1.115843333
926,2019-11-25,17.36,15.67,1.1078,1.107647619,1.103124,1.115576667
927,2019-11-26,17.99,16.47,1.0923,1.106666667,1.10291,1.11525
928,2019-11-27,19.1,17.49,1.0921,1.1056095240000001,1.10274,1.1148825
929,2019-11-29,18.89,17.3,1.0919,1.104385714,1.1026340000000001,1.1145375
930,2019-12-02,18.44,16.87,1.0931,1.103285714,1.1026280000000002,1.114200833
931,2019-12-03,18.11,16.63,1.089,1.101909524,1.1024180000000001,1.113839167
932,2019-12-04,18.61,17.01,1.0941,1.101147619,1.10233,1.113498333
933,2019-12-05,18.78,17.2,1.0919,1.100880952,1.102218,1.1131408329999999
934,2019-12-06,18.96,17.44,1.0872,1.1002476190000001,1.101936,1.112731667
935,2019-12-09,19.27,17.69,1.0893,1.100028571,1.10172,1.112349167
936,2019-12-10,19.24,17.69,1.0876,1.099161905,1.1014760000000001,1.111983333
937,2019-12-11,19.2,17.51,1.0965,1.098952381,1.1014959999999998,1.1116875
938,2019-12-12,19.29,17.51,1.1017,1.098566667,1.101556,1.1114025
939,2019-12-13,19.53,17.78,1.0984,1.098509524,1.1014899999999999,1.111063333
940,2019-12-16,20.43,18.59,1.099,1.098447619,1.1015139999999999,1.110755833
941,2019-12-17,20.56,18.69,1.1001,1.097785714,1.10165,1.1104049999999999
942,2019-12-18,21.04,19.03,1.1056,1.097938095,1.101848,1.1101025
943,2019-12-19,21.16,19.01,1.1131,1.09807619,1.102172,1.109881667
944,2019-12-20,21.5,19.3,1.114,1.098690476,1.1024459999999998,1.1096375
945,2019-12-23,21.55,19.37,1.1125,1.098580952,1.102802,1.109389167
946,2019-12-24,21.64,19.4,1.1155,1.0987,1.103094,1.109155833
947,2019-12-26,21.8,19.55,1.1151,1.099047619,1.103294,1.108904167
948,2019-12-27,21.45,19.25,1.1143,1.100095238,1.103522,1.108643333
949,2019-12-30,21.28,18.99,1.1206,1.1014523809999999,1.103702,1.1084174999999998
950,2019-12-31,21.6,19.18,1.1262,1.103085714,1.104114,1.108270833
951,2020-01-02,21.78,19.24,1.1320000000000001,1.104938095,1.10464,1.1082174999999999
952,2020-01-03,21.85,19.27,1.1339,1.10707619,1.1053,1.1082325000000002
953,2020-01-06,20.44,18.37,1.1127,1.107961905,1.10565,1.108106667
954,2020-01-07,20.7,18.59,1.1135,1.108990476,1.105974,1.1079683329999999
955,2020-01-08,20.42,18.16,1.1244,1.110761905,1.106364,1.1079383329999999
956,2020-01-09,19.79,17.78,1.113,1.111890476,1.106366,1.107835833
957,2020-01-10,19.77,17.77,1.1125,1.11307619,1.10633,1.107704167
958,2020-01-13,20.17,18.04,1.1181,1.114104762,1.1063399999999999,1.107643333
959,2020-01-14,21.12,18.76,1.1258,1.115252381,1.106532,1.107621667
960,2020-01-15,21.18,18.9,1.1206,1.116309524,1.106586,1.107521667
961,2020-01-16,21.19,19.02,1.1141,1.1170285709999999,1.106666,1.107414167
962,2020-01-17,20.39,18.37,1.11,1.1175,1.106916,1.107288333
963,2020-01-21,20.2,18.09,1.1166,1.11802381,1.107238,1.107060833
964,2020-01-22,20.52,18.31,1.1207,1.118385714,1.107774,1.106948333
965,2020-01-23,21.23,18.78,1.1305,1.119171429,1.108268,1.106963333
966,2020-01-24,20.99,18.61,1.1279,1.119904762,1.108808,1.106995833
967,2020-01-27,20.65,18.45,1.1192,1.1200809520000001,1.1089959999999999,1.106893333
968,2020-01-28,20.89,18.68,1.1183,1.120233333,1.10937,1.106869167
969,2020-01-29,21.0,18.68,1.1242,1.1207047620000001,1.109848,1.1069799999999999
970,2020-01-30,20.86,18.55,1.1245,1.120890476,1.110058,1.107006667
971,2020-01-31,20.18,17.96,1.1236,1.120766667,1.110482,1.1071
972,2020-02-03,20.28,17.98,1.1279,1.120571429,1.1108360000000002,1.107233333
973,2020-02-04,20.79,18.42,1.1287,1.12032381,1.1113879999999998,1.107361667
974,2020-02-05,20.73,18.5,1.1205,1.120695238,1.111502,1.1073583329999999
975,2020-02-06,20.67,18.4,1.1234,1.121166667,1.11171,1.107371667
976,2020-02-07,20.25,17.97,1.1269,1.121285714,1.112092,1.107505833
977,2020-02-10,20.45,18.15,1.1267,1.121938095,1.1127799999999999,1.1076125
978,2020-02-11,16.59,15.12,1.0972,1.121209524,1.112882,1.107521667
979,2020-02-12,17.04,15.45,1.1029,1.120485714,1.113102,1.1074775
980,2020-02-13,16.76,15.13,1.1077,1.11962381,1.113394,1.10748
981,2020-02-14,17.19,15.45,1.1126,1.119242857,1.113866,1.107505
982,2020-02-18,16.73,15.0,1.1153,1.1193,1.11429,1.1076025
983,2020-02-19,16.57,14.96,1.1076,1.119185714,1.1146040000000002,1.10762
984,2020-02-20,16.5,14.94,1.1044,1.118604762,1.114948,1.107631667
985,2020-02-21,16.04,14.57,1.1009,1.117661905,1.1151799999999998,1.107656667
986,2020-02-24,15.48,14.14,1.0948,1.115961905,1.115324,1.107614167
987,2020-02-25,14.82,13.46,1.101,1.114680952,1.115414,1.1076266670000001
988,2020-02-26,14.42,13.04,1.1058,1.114042857,1.1154959999999998,1.107681667
989,2020-02-27,13.99,12.55,1.1147,1.113871429,1.1158219999999999,1.107771667
990,2020-02-28,14.19,12.48,1.137,1.114480952,1.116582,1.108079167
991,2020-03-02,14.1,12.49,1.1289,1.114690476,1.117158,1.1082891670000001
992,2020-03-03,13.6,12.2,1.1148,1.114271429,1.117342,1.1082825
993,2020-03-04,13.88,12.39,1.1203,1.113909524,1.117486,1.108318333
994,2020-03-05,13.25,11.73,1.1296,1.113952381,1.1177979999999998,1.1083625
995,2020-03-06,12.63,11.14,1.1338,1.114585714,1.1182239999999999,1.108555833
996,2020-03-09,11.17,9.91,1.1271,1.114761905,1.118456,1.108699167
997,2020-03-10,11.75,10.29,1.1419,1.11547619,1.118992,1.109023333
998,2020-03-11,11.38,9.99,1.1391,1.1160666670000001,1.1194879999999998,1.109344167
999,2020-03-12,9.69,8.75,1.1074,1.116552381,1.119224,1.109429167
1000,2020-03-13,10.81,9.48,1.1403,1.118333333,1.119506,1.10982
1001,2020-03-16,9.2,8.33,1.1044,1.11817619,1.118954,1.109860833
1002,2020-03-17,9.87,8.96,1.1016,1.1176523809999999,1.118308,1.109886667
1003,2020-03-18,8.55,7.39,1.157,1.119638095,1.119194,1.1103825
1004,2020-03-19,9.06,8.01,1.1311,1.120757143,1.119546,1.1106308329999999
1005,2020-03-20,8.17,7.23,1.13,1.12197619,1.119658,1.1108799999999999
1006,2020-03-23,8.06,7.14,1.1289,1.1233095240000002,1.119976,1.1111225
1007,2020-03-24,9.15,8.01,1.1423,1.125571429,1.120572,1.1115125
1008,2020-03-25,9.29,8.24,1.1274,1.126828571,1.120758,1.111751667
1009,2020-03-26,9.89,8.76,1.129,1.1279333329999999,1.120822,1.111979167
1010,2020-03-27,9.44,8.32,1.1346,1.128880952,1.121102,1.112285833
1011,2020-03-30,9.57,8.41,1.1379,1.12892381,1.121578,1.1126575
1012,2020-03-31,9.21,8.06,1.1427,1.129580952,1.122232,1.113049167
1013,2020-04-01,8.26,7.45,1.1087,1.129290476,1.122074,1.1131475
1014,2020-04-02,7.79,6.89,1.1306,1.129780952,1.122272,1.1134
1015,2020-04-03,8.22,7.48,1.0989,1.128319048,1.12164,1.113435
1016,2020-04-06,8.99,8.0,1.1237,1.127838095,1.121556,1.113625
1017,2020-04-07,9.52,8.39,1.1347,1.1282,1.121866,1.113871667
1018,2020-04-08,9.75,8.64,1.1285,1.127561905,1.1220700000000001,1.114085
1019,2020-04-09,10.43,9.35,1.1155,1.126438095,1.121896,1.1141174999999999
1020,2020-04-13,9.81,8.73,1.1237,1.1272142859999998,1.12188,1.114268333
1021,2020-04-14,10.01,8.97,1.1159,1.126052381,1.121726,1.114353333
1022,2020-04-15,9.6,8.65,1.1098,1.126309524,1.121364,1.1144275
1023,2020-04-16,9.34,8.36,1.1172,1.127052381,1.121134,1.114610833
1024,2020-04-17,9.85,8.89,1.1079999999999999,1.124719048,1.120884,1.1147
1025,2020-04-20,9.65,8.64,1.1169,1.124042857,1.120754,1.1148
1026,2020-04-21,9.54,8.52,1.1197,1.1235523809999999,1.12061,1.114856667
1027,2020-04-22,9.59,8.56,1.1203,1.123142857,1.120482,1.114906667
1028,2020-04-23,9.81,8.74,1.1224,1.122195238,1.120986,1.1149466670000001
1029,2020-04-24,10.0,8.97,1.1148,1.121595238,1.121224,1.114935
1030,2020-04-27,10.44,9.35,1.1166,1.121004762,1.121402,1.114924167
1031,2020-04-28,10.83,9.64,1.1234,1.120471429,1.121618,1.115035
1032,2020-04-29,10.87,9.79,1.1103,1.119157143,1.121518,1.115141667
1033,2020-04-30,10.42,9.27,1.1241,1.118271429,1.121848,1.115338333
1034,2020-05-01,9.8,8.76,1.1187,1.118747619,1.122134,1.115545
1035,2020-05-04,9.69,8.71,1.1125,1.117885714,1.122366,1.115600833
1036,2020-05-05,9.38,8.46,1.1087,1.118352381,1.122644,1.115665833
1037,2020-05-06,9.19,8.23,1.1166,1.118014286,1.1229559999999998,1.1157225
1038,2020-05-07,9.61,8.61,1.1161,1.1171285709999998,1.123162,1.11586
1039,2020-05-08,9.98,8.94,1.1163,1.116547619,1.123194,1.115993333
1040,2020-05-11,9.01,8.0,1.1263,1.117061905,1.1229799999999999,1.116095833
1041,2020-05-12,8.63,7.68,1.1237,1.117061905,1.122876,1.1162733329999999
1042,2020-05-13,7.79,6.93,1.1241,1.1174523809999999,1.123062,1.1163891670000001
1043,2020-05-14,7.71,6.91,1.1158,1.117738095,1.1229719999999999,1.116511667
1044,2020-05-15,7.71,6.91,1.1158,1.117671429,1.122696,1.1165200000000002
1045,2020-05-18,8.23,7.3,1.1274,1.118595238,1.122568,1.1166399999999999
1046,2020-05-19,7.81,7.08,1.1031,1.117938095,1.122088,1.116600833
1047,2020-05-20,8.24,7.47,1.1031,1.117147619,1.121312,1.116690833
1048,2020-05-21,8.68,7.7,1.1273,1.117480952,1.121076,1.116984167
1049,2020-05-22,8.34,7.38,1.1301,1.117847619,1.12153,1.1173024999999999
1050,2020-05-26,8.88,7.86,1.1298,1.118561905,1.12132,1.117608333
1051,2020-05-27,9.61,8.51,1.1293,1.119166667,1.121818,1.117944167
1052,2020-05-28,9.05,8.12,1.1145,1.118742857,1.122076,1.118114167
1053,2020-05-29,8.75,7.86,1.1132,1.118880952,1.1212,1.118291667
1054,2020-06-01,9.26,8.26,1.1211,1.118738095,1.121,1.118574167
1055,2020-06-02,9.41,8.41,1.1189,1.118747619,1.120778,1.118820833
1056,2020-06-03,10.3,9.19,1.1208,1.119142857,1.120616,1.1190975
1057,2020-06-04,10.41,9.3,1.1194,1.1196523809999999,1.120158,1.119288333
1058,2020-06-05,11.1,9.84,1.128,1.120195238,1.12017,1.1195075
1059,2020-06-08,11.51,10.22,1.1262,1.12067619,1.1201139999999998,1.119739167
1060,2020-06-09,10.92,9.71,1.1246,1.1210714290000001,1.1199139999999999,1.1199525
1061,2020-06-10,10.51,9.42,1.1157,1.120566667,1.11947,1.1200825
1062,2020-06-11,9.47,8.52,1.1115,1.119985714,1.118846,1.120131667
1063,2020-06-12,9.7,8.68,1.1175,1.119671429,1.119022,1.120168333
1064,2020-06-15,9.86,8.8,1.1205,1.119895238,1.1188200000000001,1.1202225000000001
1065,2020-06-16,10.36,9.28,1.1164,1.11992381,1.11917,1.120255
1066,2020-06-17,9.81,8.85,1.1085,1.11902381,1.118866,1.120196667
1067,2020-06-18,9.78,8.81,1.1101,1.119357143,1.118374,1.120155
1068,2020-06-19,9.51,8.6,1.1058,1.119485714,1.11792,1.1200841670000001
1069,2020-06-22,9.51,8.58,1.1084,1.118585714,1.1177780000000002,1.1199825
1070,2020-06-23,9.86,8.93,1.1041,1.117347619,1.117386,1.1197983329999999
1071,2020-06-24,9.47,8.58,1.1037,1.116104762,1.117142,1.1195625
1072,2020-06-25,9.6,8.67,1.1073,1.115057143,1.117092,1.1193408329999999
1073,2020-06-26,9.11,8.26,1.1029,1.114504762,1.116806,1.119259167
1074,2020-06-29,9.83,8.88,1.107,1.114209524,1.116786,1.119205
1075,2020-06-30,9.74,8.84,1.1018,1.113290476,1.116484,1.1190166670000001
1076,2020-07-01,9.57,8.65,1.1064,1.112695238,1.116218,1.118961667
1077,2020-07-02,9.58,8.68,1.1037,1.111880952,1.1158860000000002,1.118888333
1078,2020-07-06,9.91,9.0,1.1011,1.111009524,1.1154600000000001,1.1187466670000001
1079,2020-07-07,9.5,8.6,1.1047,1.1099,1.115258,1.118570833
1080,2020-07-08,9.61,8.64,1.1123,1.109238095,1.1151719999999998,1.118501667
1081,2020-07-09,9.18,8.29,1.1074,1.108419048,1.114852,1.118445833
1082,2020-07-10,9.52,8.63,1.1031,1.1078190479999999,1.114708,1.118388333
1083,2020-07-13,9.39,8.46,1.1099,1.107742857,1.114424,1.1183325000000002
1084,2020-07-14,9.47,8.49,1.1154,1.107642857,1.114358,1.118288333
1085,2020-07-15,10.31,9.18,1.1231,1.107766667,1.11457,1.118226667
1086,2020-07-16,10.36,9.19,1.1273,1.108285714,1.114942,1.118221667
1087,2020-07-17,10.2,9.13,1.1172,1.1087,1.114954,1.118205
1088,2020-07-20,9.91,8.82,1.1236,1.1093428570000001,1.115104,1.118249167
1089,2020-07-21,10.5,9.44,1.1123,1.1096523809999999,1.115024,1.11815
1090,2020-07-22,10.44,9.42,1.1083,1.109647619,1.1146639999999999,1.118015
1091,2020-07-23,10.87,9.78,1.1115,1.11,1.11442,1.1179141670000001
1092,2020-07-24,10.91,9.83,1.1099,1.110295238,1.114136,1.117764167
1093,2020-07-27,11.2,9.95,1.1256,1.111166667,1.1143319999999999,1.117738333
1094,2020-07-28,11.3,10.03,1.1266,1.112295238,1.1145479999999999,1.117789167
1095,2020-07-29,11.61,10.33,1.1239,1.1131,1.114478,1.117793333
1096,2020-07-30,11.45,10.18,1.1248,1.114195238,1.1149120000000001,1.117775833
1097,2020-07-31,10.52,9.49,1.1085,1.114295238,1.1150200000000001,1.117624167
1098,2020-08-03,9.67,8.79,1.1001,1.11412381,1.114476,1.117648333
1099,2020-08-04,9.93,8.94,1.1107,1.114580952,1.114088,1.117713333
1100,2020-08-05,10.61,9.44,1.1239,1.115495238,1.1139700000000001,1.117848333
1101,2020-08-06,10.14,9.04,1.1217,1.115942857,1.113818,1.117924167
1102,2020-08-07,10.33,9.2,1.1228,1.11667619,1.113984,1.117986667
1103,2020-08-10,10.71,9.6,1.1156,1.117271429,1.114032,1.118053333
1104,2020-08-11,10.98,9.8,1.1204,1.117771429,1.114018,1.118186667
1105,2020-08-12,11.01,9.77,1.1269,1.118319048,1.1141780000000001,1.118403333
1106,2020-08-13,10.84,9.66,1.1222,1.11827619,1.114206,1.118631667
1107,2020-08-14,10.74,9.6,1.1187,1.117866667,1.114192,1.118779167
1108,2020-08-17,10.47,9.41,1.1126,1.117647619,1.113884,1.118835833
1109,2020-08-18,10.24,9.23,1.1094,1.1169714290000001,1.113548,1.118791667
1110,2020-08-19,9.98,9.02,1.1064,1.116690476,1.113184,1.118536667
1111,2020-08-20,9.76,8.79,1.1104,1.116790476,1.113078,1.1183825
1112,2020-08-21,9.73,8.77,1.1095,1.116695238,1.113038,1.118338333
1113,2020-08-24,10.24,9.19,1.1143,1.116904762,1.112974,1.118288333
1114,2020-08-25,10.17,9.11,1.1164,1.116466667,1.112892,1.118178333
1115,2020-08-26,9.88,8.89,1.1114,1.115742857,1.112792,1.117991667
1116,2020-08-27,9.92,8.96,1.1071,1.114942857,1.1127639999999999,1.117825
1117,2020-08-28,10.15,9.14,1.1105,1.114261905,1.1127719999999999,1.1175633329999999
1118,2020-08-31,9.81,8.85,1.1085,1.114261905,1.112826,1.117308333
1119,2020-09-01,10.25,9.17,1.1178,1.115104762,1.113014,1.1173950000000001
1120,2020-09-02,10.39,9.38,1.1077,1.114961905,1.113086,1.1171233329999999
1121,2020-09-03,10.43,9.38,1.1119,1.1143904759999999,1.11325,1.117185833
1122,2020-09-04,10.43,9.32,1.1191,1.114266667,1.113486,1.117331667
1123,2020-09-08,10.95,9.74,1.1242,1.114333333,1.113912,1.117058333
1124,2020-09-09,10.59,9.36,1.1314,1.1150857140000001,1.1144,1.117060833
1125,2020-09-10,10.74,9.48,1.1329,1.115680952,1.115022,1.117085
1126,2020-09-11,11.32,9.9,1.1434,1.116466667,1.1157620000000001,1.1172058329999999
1127,2020-09-14,11.72,10.3,1.1379,1.1172142859999998,1.1164459999999998,1.1171691670000001
1128,2020-09-15,11.66,10.25,1.1376,1.118114286,1.117176,1.117254167
1129,2020-09-16,12.23,10.7,1.143,1.119561905,1.117942,1.117370833
1130,2020-09-17,11.97,10.44,1.1466,1.121333333,1.118628,1.117470833
1131,2020-09-18,11.52,10.06,1.1451,1.12317619,1.1193819999999999,1.117530833
1132,2020-09-21,10.69,9.36,1.1421,1.1246857140000002,1.120162,1.117525833
1133,2020-09-22,10.92,9.53,1.1459,1.126419048,1.120882,1.117835833
1134,2020-09-23,11.43,10.0,1.143,1.127785714,1.121434,1.117939167
1135,2020-09-24,11.01,9.67,1.1386,1.128842857,1.121744,1.11827
1136,2020-09-25,11.16,9.82,1.1365,1.130038095,1.121928,1.118376667
1137,2020-09-28,11.43,10.04,1.1384,1.131528571,1.122352,1.1184075
1138,2020-09-29,11.08,9.77,1.1341,1.132652381,1.122562,1.118454167
1139,2020-09-30,11.23,9.84,1.1413,1.134214286,1.123142,1.118669167
1140,2020-10-01,11.86,10.35,1.1459,1.1355523809999999,1.123894,1.118854167
1141,2020-10-02,12.06,10.54,1.1442,1.137290476,1.1245479999999999,1.11909
1142,2020-10-05,12.16,10.59,1.1483,1.13902381,1.125316,1.1194108329999999
1143,2020-10-06,11.69,10.2,1.1461,1.140309524,1.125726,1.119651667
1144,2020-10-07,12.17,10.61,1.147,1.1413952379999999,1.126134,1.119976667
1145,2020-10-08,12.6,10.96,1.1496,1.142261905,1.1266479999999999,1.120249167
1146,2020-10-09,12.55,10.97,1.1440000000000001,1.1427904759999998,1.127032,1.120451667
1147,2020-10-12,12.73,11.06,1.151,1.143152381,1.127882,1.1207075
1148,2020-10-13,12.82,11.11,1.1539,1.143914286,1.128958,1.12097
1149,2020-10-14,12.54,10.93,1.1473,1.14437619,1.1296899999999999,1.1212408329999999
1150,2020-10-15,12.92,11.26,1.1474,1.144585714,1.13016,1.1214975
1151,2020-10-16,12.75,11.095,1.1492,1.144709524,1.13071,1.1217125
