,Date,ZG US Equity,Z US Equity,ZG US Equity / Z US Equity,SMA_21,SMA_50,SMA_120
0,2015-08-03,23.8559,27.74,0.86,,,
1,2015-08-04,23.1387,25.8,0.8968,,,
2,2015-08-05,22.5836,25.24,0.8948,,,
3,2015-08-06,23.7,26.95,0.8794,,,
4,2015-08-07,23.2385,26.5,0.8769,,,
5,2015-08-10,23.3632,26.14,0.8938,,,
6,2015-08-11,22.7083,25.38,0.8947,,,
7,2015-08-12,23.2291,25.99,0.8938,,,
8,2015-08-13,23.3757,26.2,0.8922,,,
9,2015-08-14,22.83,25.19,0.9063,,,
10,2015-08-17,25.55,24.8,1.0302,,,
11,2015-08-18,27.01,26.06,1.0365,,,
12,2015-08-19,26.62,26.77,0.9944,,,
13,2015-08-20,25.33,25.17,1.0064,,,
14,2015-08-21,25.15,25.18,0.9988,,,
15,2015-08-24,24.6,24.37,1.0094,,,
16,2015-08-25,24.84,24.6,1.0098,,,
17,2015-08-26,25.57,25.0,1.0228,,,
18,2015-08-27,25.88,25.16,1.0286,,,
19,2015-08-28,25.72,24.86,1.0346,,,
20,2015-08-31,25.38,24.66,1.0292,0.956638095,,
21,2015-09-01,25.37,24.43,1.0385,0.965138095,,
22,2015-09-02,26.41,25.32,1.043,0.9721,,
23,2015-09-03,26.71,25.51,1.047,0.9793476190000001,,
24,2015-09-04,26.15,25.07,1.0431,0.987142857,,
25,2015-09-08,26.22,25.24,1.0388,0.994852381,,
26,2015-09-09,25.57,25.07,1.0199,1.000857143,,
27,2015-09-10,26.31,25.45,1.0338,1.007480952,,
28,2015-09-11,27.14,25.87,1.0491,1.01487619,,
29,2015-09-14,26.61,26.12,1.0188,1.020904762,,
30,2015-09-15,27.77,27.65,1.0043,1.025571429,,
31,2015-09-16,28.15,27.45,1.0255,1.0253476190000002,,
32,2015-09-17,28.41,27.91,1.0179,1.024461905,,
33,2015-09-18,29.18,28.07,1.0395,1.0266095240000002,,
34,2015-09-21,28.14,27.36,1.0285,1.027661905,,
35,2015-09-22,28.07,27.26,1.0297,1.0291333329999999,,
36,2015-09-23,28.37,27.49,1.032,1.030209524,,
37,2015-09-24,27.84,27.26,1.0213,1.030757143,,
38,2015-09-25,28.42,27.9,1.0186,1.030557143,,
39,2015-09-28,28.23,27.58,1.0236,1.030319048,,
40,2015-09-29,28.75,27.5,1.0455,1.030838095,,
41,2015-09-30,28.73,27.0,1.0641,1.0325,,
42,2015-10-01,27.68,26.11,1.0601,1.033528571,,
43,2015-10-02,28.58,26.56,1.0761,1.035104762,,
44,2015-10-05,28.99,27.12,1.069,1.036152381,,
45,2015-10-06,29.52,28.55,1.034,1.035719048,,
46,2015-10-07,31.28,29.99,1.043,1.035919048,,
47,2015-10-08,32.74,31.6,1.0361,1.036690476,,
48,2015-10-09,34.89,33.45,1.043,1.037128571,,
49,2015-10-12,34.54,32.0,1.0794,1.038571429,1.0042520000000001,
50,2015-10-13,34.46,31.65,1.0888,1.041904762,1.008828,
51,2015-10-14,33.7,31.87,1.0574,1.044433333,1.01204,
52,2015-10-15,33.63,31.15,1.0796,1.0470095240000001,1.015736,
53,2015-10-16,32.94,30.45,1.0818,1.050052381,1.019784,
54,2015-10-19,33.13,30.66,1.0806,1.052009524,1.023858,
55,2015-10-20,33.64,31.16,1.0796,1.054442857,1.027574,
56,2015-10-21,32.78,29.89,1.0967,1.057633333,1.031614,
57,2015-10-22,33.16,29.95,1.1072,1.061214286,1.035882,
58,2015-10-23,32.9,29.99,1.097,1.064819048,1.039978,
59,2015-10-26,32.69,29.43,1.1108,1.0692095240000001,1.044068,
60,2015-10-27,31.46,28.46,1.1054,1.073104762,1.045572,
61,2015-10-28,31.14,28.23,1.1031,1.0758476190000001,1.046904,
62,2015-10-29,30.52,27.57,1.107,1.0778904759999999,1.049156,
63,2015-10-30,30.81,27.69,1.1127,1.080395238,1.051282,
64,2015-11-02,30.87,28.46,1.0847,1.080804762,1.053,
65,2015-11-03,30.99,29.5,1.0505,1.07992381,1.053822,
66,2015-11-04,28.83,27.65,1.0427,1.080338095,1.0544799999999999,
67,2015-11-05,28.26,25.79,1.0958,1.082852381,1.0559399999999999,
68,2015-11-06,27.92,25.48,1.0958,1.085695238,1.0572840000000001,
69,2015-11-09,27.74,25.3,1.0964,1.088238095,1.0585200000000001,
70,2015-11-10,27.13,24.4,1.1119,1.089785714,1.060174,
71,2015-11-11,26.74,24.36,1.0977,1.090209524,1.061358,
72,2015-11-12,26.16,23.79,1.0996,1.092219048,1.06249,
73,2015-11-13,25.27,23.27,1.0859,1.092519048,1.063268,
74,2015-11-16,25.61,23.73,1.0792,1.092395238,1.06399,
75,2015-11-17,26.19,24.71,1.0599,1.0914095240000001,1.0644120000000001,
76,2015-11-18,26.79,25.28,1.0597,1.090461905,1.065208,
77,2015-11-19,26.45,25.23,1.0484,1.088161905,1.0655,
78,2015-11-20,26.48,25.29,1.0471,1.0853,1.06546,
79,2015-11-23,25.9,24.48,1.058,1.083442857,1.066244,
80,2015-11-24,26.41,24.81,1.0645,1.081238095,1.067448,
81,2015-11-25,26.68,24.94,1.0698,1.079542857,1.0683340000000001,
82,2015-11-27,25.95,24.55,1.057,1.077347619,1.069116,
83,2015-11-30,26.03,24.65,1.056,1.074919048,1.069446,
84,2015-12-01,25.75,24.1,1.0685,1.0728142859999998,1.0702459999999998,
85,2015-12-02,25.78,24.65,1.0458,1.070961905,1.070568,
86,2015-12-03,25.93,24.5,1.0584,1.071338095,1.0710959999999998,
87,2015-12-04,26.2,24.66,1.0624,1.07227619,1.071918,
88,2015-12-07,26.24,24.95,1.0517,1.07017619,1.0725799999999999,
89,2015-12-08,26.48,24.71,1.0716,1.06902381,1.07354,
90,2015-12-09,25.76,23.57,1.0929,1.068857143,1.0744879999999999,
91,2015-12-10,25.7,23.46,1.0955,1.06807619,1.075116,
92,2015-12-11,25.49,23.28,1.0949,1.067942857,1.075812,
93,2015-12-14,25.15,23.55,1.0679,1.066433333,1.075648,
94,2015-12-15,26.26,24.56,1.0692,1.065638095,1.075652,
95,2015-12-16,27.34,25.46,1.0738,1.065380952,1.0764479999999998,
96,2015-12-17,26.62,24.43,1.0896,1.0667952379999999,1.07738,
97,2015-12-18,26.95,24.61,1.0951,1.068480952,1.07856,
98,2015-12-21,26.43,24.09,1.0971,1.0708,1.079642,
99,2015-12-22,26.26,23.95,1.0965,1.0731523809999999,1.079984,
100,2015-12-23,26.68,24.08,1.1079999999999999,1.0755333329999999,1.080368,
101,2015-12-24,26.49,24.41,1.0852,1.076519048,1.080924,
102,2015-12-28,26.44,23.95,1.104,1.0781476190000001,1.081412,
103,2015-12-29,26.62,24.17,1.1014,1.080261905,1.081804,
104,2015-12-30,26.42,24.24,1.0899,1.08187619,1.08199,
105,2015-12-31,26.04,23.48,1.109,1.083804762,1.082578,
106,2016-01-04,24.51,22.11,1.1085,1.086790476,1.082814,
107,2016-01-05,24.04,21.99,1.0932,1.088447619,1.082534,
108,2016-01-06,23.88,21.96,1.0874,1.089638095,1.082342,
109,2016-01-07,23.02,21.5,1.0707,1.090542857,1.08154,
110,2016-01-08,23.89,22.1,1.081,1.090990476,1.0810520000000001,
111,2016-01-11,23.76,22.16,1.0722,1.090004762,1.0804340000000001,
112,2016-01-12,23.63,22.34,1.0577,1.088204762,1.079448,
113,2016-01-13,23.0,21.45,1.0723,1.087128571,1.07864,
114,2016-01-14,22.64,20.77,1.09,1.088180952,1.078746,
115,2016-01-15,22.3,20.83,1.0706,1.088247619,1.079148,
116,2016-01-19,21.8,20.67,1.0547,1.087338095,1.079388,
117,2016-01-20,21.26,19.53,1.0886,1.087290476,1.079244,
118,2016-01-21,20.6,18.94,1.0876,1.086933333,1.0790799999999998,
119,2016-01-22,21.47,20.18,1.0639,1.0853523809999999,1.07843,1.049230833
120,2016-01-25,20.59,19.75,1.0425,1.082780952,1.077042,1.0507516670000001
121,2016-01-26,21.19,20.12,1.0532,1.080171429,1.076152,1.052055
122,2016-01-27,20.72,19.65,1.0545,1.078709524,1.07525,1.0533858329999999
123,2016-01-28,20.52,19.5,1.0523,1.076247619,1.074578,1.054826667
124,2016-01-29,21.67,20.5,1.0571,1.074138095,1.074136,1.056328333
125,2016-02-01,20.92,19.25,1.0868,1.0739904759999999,1.074674,1.057936667
126,2016-02-02,19.81,17.92,1.1055,1.07382381,1.07559,1.059693333
127,2016-02-03,19.51,17.65,1.1054,1.07367619,1.07673,1.061456667
128,2016-02-04,19.91,18.43,1.0803,1.073061905,1.077394,1.063024167
129,2016-02-05,18.15,16.92,1.0727,1.072361905,1.077688,1.064410833
130,2016-02-08,17.06,16.01,1.0656,1.072119048,1.07771,1.0647058329999999
131,2016-02-09,17.21,16.2,1.0623,1.071228571,1.07756,1.064920833
132,2016-02-10,17.88,16.78,1.0656,1.070914286,1.077732,1.0655141670000001
133,2016-02-11,19.18,17.97,1.0673,1.071371429,1.077958,1.066021667
134,2016-02-12,18.86,17.81,1.0590000000000002,1.070738095,1.077768,1.066523333
135,2016-02-16,19.55,18.83,1.0382,1.0682714290000002,1.077616,1.066763333
136,2016-02-17,20.19,19.38,1.0418,1.0669,1.077284,1.06703
137,2016-02-18,20.38,19.55,1.0425,1.066319048,1.076886,1.067194167
138,2016-02-19,21.44,20.31,1.0556,1.064747619,1.076964,1.067419167
139,2016-02-22,20.84,20.0,1.042,1.06257619,1.0763719999999999,1.067480833
140,2016-02-23,21.76,20.77,1.0477,1.061804762,1.075468,1.0676350000000001
141,2016-02-24,21.02,20.2,1.0406,1.061714286,1.07437,1.0676525
142,2016-02-25,22.3,21.0,1.0619,1.062128571,1.07371,1.06781
143,2016-02-26,22.35,21.01,1.0638,1.0625714290000001,1.073628,1.06795
144,2016-02-29,23.15,21.6,1.0718,1.0635,1.07368,1.068189167
145,2016-03-01,23.06,21.46,1.0746,1.064333333,1.073696,1.0684875
146,2016-03-02,24.08,22.38,1.0759999999999998,1.063819048,1.073424,1.0689549999999999
147,2016-03-03,24.64,23.37,1.0543,1.061380952,1.072608,1.069125833
148,2016-03-04,24.76,23.28,1.0636,1.059390476,1.0719379999999998,1.069246667
149,2016-03-07,25.23,23.55,1.0713,1.058961905,1.071434,1.0696841670000001
150,2016-03-08,25.59,24.27,1.0544,1.0580904759999998,1.070362,1.070101667
151,2016-03-09,23.85,22.44,1.0628,1.0579571429999999,1.069914,1.0704125
152,2016-03-10,23.35,22.52,1.0369,1.056747619,1.0685719999999999,1.0705708329999999
153,2016-03-11,24.0,23.08,1.0399,1.05552381,1.067342,1.070574167
154,2016-03-14,23.96,22.87,1.0477,1.054590476,1.066498,1.0707341670000001
155,2016-03-15,23.14,21.81,1.061,1.054685714,1.0655379999999999,1.0709950000000001
156,2016-03-16,23.74,22.77,1.0426,1.054895238,1.0642200000000002,1.071083333
157,2016-03-17,23.16,22.2,1.0432,1.054961905,1.06322,1.071265833
158,2016-03-18,23.4,22.32,1.0484,1.055242857,1.06244,1.0715141670000001
159,2016-03-21,23.96,22.76,1.0527,1.055104762,1.06208,1.071756667
160,2016-03-22,24.56,23.02,1.0669,1.056290476,1.061798,1.071935
161,2016-03-23,23.71,22.36,1.0604,1.056895238,1.0615620000000001,1.071904167
162,2016-03-24,24.14,22.53,1.0715,1.058366667,1.0618379999999998,1.071999167
163,2016-03-28,24.13,22.41,1.0768,1.05907619,1.061928,1.0720049999999999
164,2016-03-29,25.09,23.34,1.075,1.059609524,1.061628,1.072055
165,2016-03-30,24.94,23.05,1.082,1.060095238,1.061856,1.072455
166,2016-03-31,25.55,23.73,1.0767,1.060195238,1.062296,1.0727358329999999
167,2016-04-01,24.79,23.45,1.0571,1.059295238,1.061666,1.072910833
168,2016-04-04,23.78,22.09,1.0765,1.060352381,1.061444,1.0731899999999999
169,2016-04-05,22.9,21.08,1.0863,1.0614333329999999,1.061892,1.0732475000000001
170,2016-04-06,22.69,21.26,1.0673,1.061242857,1.0623879999999999,1.073068333
171,2016-04-07,21.9,20.73,1.0564,1.061338095,1.062452,1.0730600000000001
172,2016-04-08,22.07,21.09,1.0465,1.060561905,1.062292,1.072784167
173,2016-04-11,21.05,19.94,1.0557,1.061457143,1.06236,1.072566667
174,2016-04-12,21.59,20.68,1.044,1.061652381,1.062098,1.072261667
175,2016-04-13,22.53,21.63,1.0416,1.061361905,1.061194,1.0719450000000001
176,2016-04-14,22.62,21.63,1.0458,1.060638095,1.06,1.071520833
177,2016-04-15,22.95,21.85,1.0503,1.061004762,1.058898,1.071046667
178,2016-04-18,22.82,21.62,1.0555,1.061590476,1.058402,1.070700833
179,2016-04-19,23.19,22.28,1.0408,1.061228571,1.057764,1.0701174999999998
180,2016-04-20,24.22,23.24,1.0422,1.0607285709999998,1.057296,1.069590833
181,2016-04-21,24.5,23.33,1.0502,1.059933333,1.0570540000000002,1.06915
182,2016-04-22,25.67,24.85,1.033,1.0586285709999999,1.056402,1.068533333
183,2016-04-25,25.58,24.86,1.0290000000000001,1.056604762,1.055636,1.067835833
184,2016-04-26,25.82,24.85,1.0390000000000001,1.054804762,1.055236,1.0674549999999998
185,2016-04-27,25.52,24.74,1.0315,1.052733333,1.055102,1.067296667
186,2016-04-28,25.03,23.98,1.0438,1.050914286,1.055142,1.067305833
187,2016-04-29,25.02,24.04,1.0408,1.049204762,1.055108,1.0668475
188,2016-05-02,25.97,25.09,1.0351,1.048157143,1.054698,1.066341667
189,2016-05-03,25.72,25.06,1.0263,1.045766667,1.054384,1.0657575000000001
190,2016-05-04,29.05,28.08,1.0345,1.0433,1.0541200000000002,1.0651125
191,2016-05-05,27.49,26.72,1.0288,1.0414666670000001,1.053884,1.064538333
192,2016-05-06,27.41,26.63,1.0293,1.04017619,1.053232,1.0639524999999999
193,2016-05-09,27.3,26.49,1.0306,1.039419048,1.052568,1.063491667
194,2016-05-10,27.85,27.19,1.0243,1.03792381,1.051618,1.063034167
195,2016-05-11,28.0,27.24,1.0279,1.037157143,1.050684,1.0627674999999999
196,2016-05-12,28.36,27.61,1.0272,1.036471429,1.049708,1.062496667
197,2016-05-13,28.23,27.65,1.021,1.035290476,1.049042,1.062268333
198,2016-05-16,29.0,28.36,1.0226,1.0339714290000002,1.048222,1.062064167
199,2016-05-17,28.57,28.0,1.0204,1.0323,1.047204,1.061750833
200,2016-05-18,29.04,28.78,1.0090000000000001,1.030785714,1.046296,1.061288333
201,2016-05-19,27.76,27.33,1.0157,1.02952381,1.0453540000000001,1.0608375
202,2016-05-20,28.3,27.79,1.0184,1.028009524,1.044984,1.060515833
203,2016-05-23,28.29,27.76,1.0191,1.0273476190000002,1.044568,1.060208333
204,2016-05-24,29.04,28.53,1.0179,1.026819048,1.043972,1.059786667
205,2016-05-25,29.17,28.62,1.0192,1.02587619,1.043136,1.0595649999999999
206,2016-05-26,28.78,28.33,1.0159,1.0251333329999999,1.042602,1.059210833
207,2016-05-27,29.18,28.6,1.0203,1.0240142859999999,1.042144,1.0588600000000001
208,2016-05-31,29.24,28.68,1.0195,1.023,1.041566,1.058591667
209,2016-06-01,28.91,28.34,1.0201,1.0222857140000001,1.040914,1.0581625
210,2016-06-02,29.65,29.14,1.0175,1.021866667,1.0399260000000001,1.057534167
211,2016-06-03,29.74,29.33,1.014,1.020890476,1.0389979999999999,1.0568549999999999
212,2016-06-06,30.78,30.33,1.0148,1.02022381,1.037864,1.0561875
213,2016-06-07,32.4,32.07,1.0103,1.019319048,1.036534,1.0557075
214,2016-06-08,32.84,32.5,1.0105,1.018361905,1.035244,1.055218333
215,2016-06-09,32.68,32.28,1.0124,1.017795238,1.033852,1.054706667
216,2016-06-10,32.46,32.22,1.0074,1.016819048,1.0324659999999999,1.054021667
217,2016-06-13,32.62,32.4,1.0068,1.015847619,1.03146,1.053285833
218,2016-06-14,32.83,32.71,1.0037,1.01502381,1.0300040000000001,1.0525075000000002
219,2016-06-15,32.92,32.78,1.0043,1.014152381,1.0283639999999998,1.051739167
220,2016-06-16,33.28,33.07,1.0064,1.013485714,1.027146,1.0508925
221,2016-06-17,34.16,34.05,1.0032,1.013209524,1.026082,1.050209167
222,2016-06-20,35.04,34.76,1.0081,1.012847619,1.0253139999999998,1.04941
223,2016-06-21,34.93,34.66,1.0078,1.012342857,1.024356,1.04863
224,2016-06-22,34.73,34.59,1.004,1.01162381,1.023556,1.047914167
225,2016-06-23,35.5,35.38,1.0034,1.0109333329999999,1.022792,1.047034167
226,2016-06-24,34.52,34.58,0.9983,1.009938095,1.021842,1.046115833
227,2016-06-27,33.01,32.81,1.0061,1.009471429,1.020958,1.04539
228,2016-06-28,34.1,33.74,1.0107,1.009014286,1.020062,1.044750833
229,2016-06-29,35.36,35.17,1.0054,1.008342857,1.019354,1.044206667
230,2016-06-30,36.65,36.28,1.0102,1.0078714290000002,1.018714,1.043616667
231,2016-07-01,36.18,35.56,1.0174,1.007866667,1.018058,1.04316
232,2016-07-05,35.69,34.99,1.02,1.008152381,1.017798,1.0428458329999999
233,2016-07-06,35.87,35.08,1.0225,1.008519048,1.017668,1.042430833
234,2016-07-07,36.25,35.45,1.0226,1.009104762,1.01734,1.041869167
235,2016-07-08,36.86,36.16,1.0194,1.009528571,1.017098,1.0414424999999998
236,2016-07-11,37.13,36.47,1.0181,1.0098,1.016584,1.0411375
237,2016-07-12,37.3,36.67,1.0172,1.010266667,1.0161120000000001,1.0405425
238,2016-07-13,36.81,36.24,1.0157,1.010690476,1.015724,1.039943333
239,2016-07-14,37.42,37.06,1.0097,1.01097619,1.015392,1.039491667
240,2016-07-15,37.64,37.28,1.0097,1.011233333,1.014896,1.039218333
241,2016-07-18,37.95,37.63,1.0085,1.011333333,1.01449,1.0388458329999999
242,2016-07-19,37.86,37.51,1.0093,1.01162381,1.01409,1.0384691670000001
243,2016-07-20,38.47,38.05,1.011,1.011761905,1.013698,1.038125
244,2016-07-21,38.11,37.7,1.0109,1.011909524,1.0134299999999998,1.0377399999999999
245,2016-07-22,38.58,38.03,1.0145,1.012409524,1.0131620000000001,1.0371375
246,2016-07-25,38.17,37.64,1.0141,1.0129190479999999,1.0129,1.036375833
247,2016-07-26,38.76,38.42,1.0088,1.013419048,1.012656,1.035570833
248,2016-07-27,38.85,38.7,1.0039,1.013314286,1.012282,1.034934167
249,2016-07-28,39.22,39.1,1.0031,1.0129523809999998,1.0119360000000002,1.034354167
250,2016-07-29,39.41,39.25,1.0041,1.012890476,1.011838,1.0338416670000001
251,2016-08-01,39.94,39.84,1.0025,1.01252381,1.011574,1.033343333
252,2016-08-02,39.36,39.31,1.0013,1.011757143,1.011232,1.0328075
253,2016-08-03,39.06,39.04,1.0005,1.010828571,1.01086,1.032250833
254,2016-08-04,39.35,39.26,1.0023,1.009866667,1.010548,1.0317783329999999
255,2016-08-05,37.17,37.4,0.9939,1.0085,1.010042,1.031409167
256,2016-08-08,37.14,37.48,0.9909,1.007142857,1.009542,1.030985
257,2016-08-09,36.14,36.14,1.0,1.006280952,1.009136,1.030630833
258,2016-08-10,35.32,35.32,1.0,1.005461905,1.008746,1.0301675
259,2016-08-11,35.23,35.3,0.998,1.004619048,1.008304,1.029800833
260,2016-08-12,35.01,35.2,0.9946,1.0039,1.007846,1.029358333
261,2016-08-15,35.42,35.57,0.9958,1.003238095,1.007482,1.028985
262,2016-08-16,34.06,33.88,1.0053,1.003085714,1.007292,1.028513333
263,2016-08-17,34.07,34.1,0.9991,1.0026,1.007068,1.027974167
264,2016-08-18,33.84,34.0,0.9953,1.001852381,1.006764,1.027336667
265,2016-08-19,34.66,34.91,0.9928,1.000990476,1.006372,1.0266549999999999
266,2016-08-22,34.87,35.05,0.9949,1.000057143,1.006122,1.025979167
267,2016-08-23,34.8,34.99,0.9946,0.999128571,1.005878,1.025481667
268,2016-08-24,33.92,33.95,0.9991,0.9986666670000001,1.005786,1.0249441670000001
269,2016-08-25,33.9,33.98,0.9976,0.998366667,1.005652,1.02433
270,2016-08-26,34.13,34.27,0.9959,0.99802381,1.005442,1.0238425
271,2016-08-29,34.43,34.6,0.9951,0.9975952379999999,1.00528,1.023278333
272,2016-08-30,34.23,34.37,0.9959,0.997280952,1.005036,1.022936667
273,2016-08-31,33.83,33.85,0.9994,0.997190476,1.004868,1.022599167
274,2016-09-01,34.05,34.21,0.9953,0.9969428570000001,1.004694,1.0221625
275,2016-09-02,34.6,34.76,0.9954,0.9966142859999999,1.004534,1.021615833
276,2016-09-06,34.805,34.91,0.997,0.996761905,1.004508,1.021235833
277,2016-09-07,34.83,35.0,0.9951,0.996961905,1.0042879999999998,1.020835
278,2016-09-08,34.28,34.36,0.9977,0.996852381,1.0040280000000001,1.0204125
279,2016-09-09,33.21,33.43,0.9934,0.996538095,1.003788,1.019918333
280,2016-09-12,33.4,33.55,0.9955,0.9964190479999999,1.003494,1.019323333
281,2016-09-13,33.03,33.19,0.9952,0.996447619,1.00305,1.01878
282,2016-09-14,32.92,33.03,0.9967,0.996490476,1.002584,1.018156667
283,2016-09-15,33.08,33.29,0.9937,0.995938095,1.002008,1.017464167
284,2016-09-16,33.53,33.73,0.9941,0.9957,1.0014379999999998,1.0167899999999999
285,2016-09-19,33.9,34.04,0.9959,0.9957285709999999,1.000968,1.0160725
286,2016-09-20,33.7,33.86,0.9953,0.9958476190000001,1.000512,1.015394167
287,2016-09-21,34.9,35.12,0.9937,0.9957904759999999,1.000042,1.014865833
288,2016-09-22,35.69,35.86,0.9953,0.99582381,0.999634,1.014189167
289,2016-09-23,35.03,35.22,0.9946,0.995609524,0.999332,1.013425
290,2016-09-26,34.91,35.1,0.9946,0.9954666670000001,0.99903,1.012819167
291,2016-09-27,35.53,35.7,0.9952,0.9954333329999999,0.998764,1.012309167
292,2016-09-28,35.9,36.14,0.9934,0.9953523809999999,0.998446,1.011866667
293,2016-09-29,35.8,35.96,0.9956,0.995338095,0.998138,1.011365833
294,2016-09-30,34.45,34.65,0.9942,0.9950904759999999,0.9978040000000001,1.0109508329999999
295,2016-10-03,34.75,34.93,0.9948,0.995066667,0.99741,1.010560833
296,2016-10-04,34.21,34.39,0.9948,0.995038095,0.997024,1.0101358329999999
297,2016-10-05,34.11,34.37,0.9924,0.994819048,0.9966959999999999,1.009653333
298,2016-10-06,33.18,33.31,0.9961,0.994866667,0.99654,1.009158333
299,2016-10-07,32.98,33.17,0.9943,0.994704762,0.9963639999999999,1.008770833
300,2016-10-10,33.45,33.56,0.9967,0.994861905,0.996216,1.008391667
301,2016-10-11,32.58,32.68,0.9969,0.994928571,0.9961040000000001,1.0079475
302,2016-10-12,32.61,32.81,0.9939,0.994866667,0.995956,1.007621667
303,2016-10-13,32.0,32.06,0.9981,0.994933333,0.995908,1.007364167
304,2016-10-14,32.56,32.68,0.9963,0.9950571429999999,0.9957879999999999,1.007008333
305,2016-10-17,32.88,33.06,0.9946,0.995080952,0.9958020000000001,1.006700833
306,2016-10-18,33.47,33.58,0.9967,0.995119048,0.9959180000000001,1.006308333
307,2016-10-19,33.33,33.58,0.9926,0.9949904759999999,0.99577,1.005906667
308,2016-10-20,33.25,33.51,0.9922,0.994919048,0.9956139999999999,1.005549167
309,2016-10-21,33.55,33.86,0.9908,0.994704762,0.9954700000000001,1.005253333
310,2016-10-24,33.96,34.34,0.9889,0.9944333329999999,0.9953559999999999,1.004873333
311,2016-10-25,32.72,32.96,0.9927,0.994342857,0.995294,1.0045725
312,2016-10-26,31.95,32.21,0.9919,0.9941857140000001,0.9950260000000001,1.004260833
313,2016-10-27,31.72,31.97,0.9922,0.994128571,0.9948879999999999,1.003940833
314,2016-10-28,32.07,32.42,0.9892,0.99382381,0.994766,1.003648333
315,2016-10-31,33.03,33.36,0.9901,0.9936285709999999,0.994712,1.003333333
316,2016-11-01,32.78,33.02,0.9927,0.9935285709999999,0.994668,1.003045833
317,2016-11-02,34.63,35.11,0.9863,0.99312381,0.994502,1.002756667
318,2016-11-03,34.77,35.47,0.9803,0.9925476190000001,0.9941260000000001,1.0024041670000001
319,2016-11-04,33.88,34.45,0.9835,0.9919476190000001,0.9938440000000001,1.002096667
320,2016-11-07,34.58,35.21,0.9821,0.991366667,0.993568,1.0018725
321,2016-11-08,34.91,35.48,0.9839,0.990757143,0.993344,1.0016075
322,2016-11-09,35.22,35.88,0.9816,0.990028571,0.993058,1.001300833
323,2016-11-10,33.97,34.51,0.9844,0.98957619,0.992758,1.001011667
324,2016-11-11,34.7,35.45,0.9788,0.988657143,0.9924280000000001,1.000685833
325,2016-11-14,34.59,35.32,0.9793,0.9878476190000001,0.9921059999999999,1.000353333
326,2016-11-15,34.9,35.62,0.9798,0.987142857,0.991762,1.0000525
327,2016-11-16,34.55,35.39,0.9763,0.9861714290000001,0.9913860000000001,0.999685833
328,2016-11-17,35.5,36.5,0.9726,0.9852190479999999,0.990884,0.999295
329,2016-11-18,35.43,36.29,0.9763,0.984461905,0.990542,0.9989299999999999
330,2016-11-21,35.47,36.3,0.9771,0.9838095240000001,0.990174,0.998593333
331,2016-11-22,35.44,36.19,0.9793,0.9833523809999999,0.989856,0.998304167
332,2016-11-23,36.05,36.94,0.9759,0.982552381,0.98944,0.99798
333,2016-11-25,35.7,36.43,0.98,0.981985714,0.989166,0.9977275
334,2016-11-28,35.18,35.93,0.9791,0.981361905,0.988866,0.997465833
335,2016-11-29,35.32,36.01,0.9808,0.980961905,0.9885639999999999,0.9972025
336,2016-11-30,35.15,35.92,0.9786,0.9804142859999999,0.9882299999999999,0.9969625
337,2016-12-01,33.31,33.85,0.9840000000000001,0.98,0.988036,0.9967725000000001
338,2016-12-02,33.33,33.87,0.9841,0.979895238,0.9878120000000001,0.996609167
339,2016-12-05,34.28,34.77,0.9859,0.980161905,0.9876379999999999,0.996455833
340,2016-12-06,38.07,37.4,1.0179,0.9818,0.9881040000000001,0.996551667
341,2016-12-07,38.12,37.58,1.0144,0.983338095,0.9884879999999999,0.9966450000000001
342,2016-12-08,37.43,36.97,1.0124,0.9846952379999999,0.9888680000000001,0.996680833
343,2016-12-09,37.31,36.91,1.0108,0.9860857140000001,0.9891719999999999,0.9967058329999999
344,2016-12-12,36.74,36.28,1.0127,0.987433333,0.989542,0.996778333
345,2016-12-13,36.88,36.4,1.0132,0.9890714290000001,0.9899100000000001,0.9968600000000001
346,2016-12-14,37.09,36.69,1.0109,0.99057619,0.990232,0.996965
347,2016-12-15,38.1,38.04,1.0016,0.9916142859999999,0.990416,0.9969275
348,2016-12-16,37.83,37.63,1.0053,0.992995238,0.9906,0.9968825000000001
349,2016-12-19,38.19,38.13,1.0016,0.99437619,0.9907459999999999,0.996850833
350,2016-12-20,38.8,38.81,0.9997,0.995490476,0.990806,0.996763333
351,2016-12-21,38.37,38.34,1.0008,0.996619048,0.990884,0.996625
352,2016-12-22,37.05,36.6,1.0123,0.998190476,0.991252,0.996560833
353,2016-12-23,37.23,37.23,1.0,0.999338095,0.99129,0.996373333
354,2016-12-27,37.73,37.66,1.0019,1.000380952,0.991402,0.996200833
355,2016-12-28,37.15,37.18,0.9992,1.001338095,0.9914940000000001,0.9960325000000001
356,2016-12-29,37.05,36.98,1.0019,1.002342857,0.991598,0.9958975
357,2016-12-30,36.45,36.47,0.9995,1.003338095,0.9917360000000001,0.99575
358,2017-01-03,37.38,37.22,1.0043,1.004304762,0.991978,0.995655
359,2017-01-04,37.3,37.09,1.0057,1.005333333,0.992276,0.995621667
360,2017-01-05,36.81,36.42,1.0107,1.006514286,0.992712,0.9956299999999999
361,2017-01-06,37.14,36.7,1.012,1.006233333,0.9930979999999999,0.995659167
362,2017-01-09,37.22,36.95,1.0073,1.005895238,0.9934059999999999,0.9956424999999999
363,2017-01-10,37.09,36.65,1.012,1.00587619,0.9938020000000001,0.995650833
364,2017-01-11,36.63,36.08,1.0152,1.0060857140000001,0.9943219999999999,0.9956866670000001
365,2017-01-12,37.29,36.93,1.0097,1.005942857,0.994714,0.995646667
366,2017-01-13,38.0,37.57,1.0114,1.005857143,0.995088,0.995624167
367,2017-01-17,37.09,36.51,1.0159,1.006095238,0.9956799999999999,0.995683333
368,2017-01-18,37.17,36.55,1.0170000000000001,1.006828571,0.9964139999999999,0.9957925
369,2017-01-19,37.13,36.6,1.0145,1.0072666670000001,0.997034,0.9958875
370,2017-01-20,37.4,36.77,1.0171,1.008004762,0.997734,0.9959958329999999
371,2017-01-23,37.65,37.05,1.0162,1.008790476,0.9983799999999999,0.99611
372,2017-01-24,37.82,37.05,1.0208,1.009742857,0.9991639999999999,0.9962725
373,2017-01-25,37.37,36.63,1.0202,1.010119048,0.9998799999999999,0.996436667
374,2017-01-26,37.36,36.66,1.0191,1.011028571,1.000686,0.996576667
375,2017-01-27,37.1,36.36,1.0204,1.011909524,1.001508,0.9967975
376,2017-01-30,36.42,35.865,1.0155,1.012685714,1.002222,0.9970025
377,2017-01-31,35.98,35.38,1.0170000000000001,1.013404762,1.003036,0.9971441670000001
378,2017-02-01,35.71,35.2,1.0145,1.014119048,1.003874,0.997265
379,2017-02-02,36.07,35.35,1.0204,1.014885714,1.004756,0.997451667
380,2017-02-03,36.42,35.93,1.0136,1.015261905,1.005486,0.99761
381,2017-02-06,36.97,36.62,1.0096,1.015209524,1.006092,0.997725
382,2017-02-07,37.16,36.87,1.0079,1.015014286,1.006732,0.997746667
383,2017-02-08,34.33,34.52,0.9945,1.014404762,1.0070219999999999,0.997708333
384,2017-02-09,33.78,34.01,0.9932,1.013509524,1.007304,0.9976908329999999
385,2017-02-10,34.09,34.42,0.9904,1.0123285709999998,1.007496,0.9976708329999999
386,2017-02-13,34.785,35.19,0.9885,1.011319048,1.007694,0.9976174999999999
387,2017-02-14,35.72,36.3,0.9840000000000001,1.0100142859999999,1.007694,0.997529167
388,2017-02-15,35.52,36.01,0.9864,1.0086095240000001,1.0077399999999999,0.997423333
389,2017-02-16,34.79,35.19,0.9886,1.007257143,1.007794,0.9973483329999999
390,2017-02-17,35.01,35.39,0.9893,1.006057143,1.0072219999999998,0.997293333
391,2017-02-21,34.81,35.31,0.9858,1.004566667,1.00665,0.9972158329999999
392,2017-02-22,35.39,35.97,0.9839,1.003028571,1.0060799999999999,0.997115833
393,2017-02-23,34.8,35.34,0.9847,1.001309524,1.005558,0.9969933329999999
394,2017-02-24,34.57,35.17,0.9829,0.999533333,1.0049620000000001,0.9968899999999999
395,2017-02-27,34.51,34.95,0.9874,0.99802381,1.004446,0.9968233329999999
396,2017-02-28,33.63,33.94,0.9909,0.996619048,1.004046,0.9967725000000001
397,2017-03-01,35.02,35.39,0.9895,0.995380952,1.0038040000000001,0.996725833
398,2017-03-02,34.27,34.63,0.9896,0.99407619,1.00349,0.996658333
399,2017-03-03,34.41,34.85,0.9874,0.992785714,1.003206,0.996608333
400,2017-03-06,34.46,34.8,0.9902,0.991347619,1.003016,0.9965641670000001
401,2017-03-07,34.74,35.16,0.9881,0.990133333,1.0027620000000002,0.996505
402,2017-03-08,34.54,34.97,0.9877,0.9890904759999999,1.00227,0.9964299999999999
403,2017-03-09,34.82,35.22,0.9886,0.9881714290000001,1.002042,0.9963875
404,2017-03-10,34.99,35.3,0.9912,0.988014286,1.0018280000000002,0.996363333
405,2017-03-13,35.62,36.13,0.9859,0.987666667,1.001562,0.9962799999999999
406,2017-03-14,35.49,35.92,0.988,0.987552381,1.001284,0.996219167
407,2017-03-15,36.45,36.75,0.9918,0.987709524,1.0011299999999999,0.996203333
408,2017-03-16,36.24,36.69,0.9877,0.987885714,1.0007979999999999,0.9961399999999999
409,2017-03-17,36.04,36.36,0.9912,0.988114286,1.000508,0.996111667
410,2017-03-20,35.83,36.24,0.9887,0.9881190479999999,1.000068,0.9960625
411,2017-03-21,34.92,35.17,0.9929,0.988290476,0.9996860000000001,0.9960433329999999
412,2017-03-22,34.88,35.29,0.9884,0.9884142859999999,0.999308,0.996001667
413,2017-03-23,33.39,33.53,0.9958,0.988980952,0.998984,0.996003333
414,2017-03-24,33.52,33.71,0.9944,0.989442857,0.998568,0.9960049999999999
415,2017-03-27,33.74,33.85,0.9968,0.9901047620000001,0.99831,0.996021667
416,2017-03-28,33.1,32.94,1.0049,0.990938095,0.99818,0.996105833
417,2017-03-29,33.68,33.54,1.0042,0.9915714290000001,0.9979459999999999,0.996204167
418,2017-03-30,33.5,33.28,1.0066,0.9923857140000001,0.9977379999999999,0.996291667
419,2017-03-31,33.81,33.67,1.0042,0.993080952,0.997532,0.996374167
420,2017-04-03,34.04,33.75,1.0086,0.9940904759999999,0.9973620000000001,0.996473333
421,2017-04-04,34.05,33.93,1.0035,0.99472381,0.997108,0.996528333
422,2017-04-05,33.49,33.47,1.0006,0.9953190479999999,0.996704,0.9965841670000001
423,2017-04-06,33.75,33.91,0.9953,0.9956809520000001,0.9962059999999999,0.996560833
424,2017-04-07,34.16,34.12,1.0012,0.996280952,0.995848,0.9966016670000001
425,2017-04-10,34.43,34.52,0.9974,0.99657619,0.9953879999999999,0.996625
426,2017-04-11,34.43,34.51,0.9977,0.997138095,0.9950319999999999,0.996633333
427,2017-04-12,34.21,34.47,0.9925,0.9973523809999999,0.994542,0.9966325
428,2017-04-13,34.41,34.62,0.9939,0.9974523809999999,0.99413,0.996646667
429,2017-04-17,34.78,35.12,0.9903,0.99757619,0.9935280000000001,0.9966424999999999
430,2017-04-18,35.33,35.65,0.991,0.9975666670000001,0.9930760000000001,0.99666
431,2017-04-19,35.8,36.14,0.9906,0.997657143,0.9926959999999999,0.9966424999999999
432,2017-04-20,35.95,36.33,0.9895,0.997495238,0.9923280000000001,0.9966225000000001
433,2017-04-21,36.16,36.61,0.9877,0.997461905,0.992192,0.996585
434,2017-04-24,36.48,36.87,0.9894,0.997157143,0.992116,0.996586667
435,2017-04-25,37.17,37.59,0.9888,0.9968904759999999,0.992084,0.996575833
436,2017-04-26,38.14,38.62,0.9876,0.9964523809999999,0.992066,0.996533333
437,2017-04-27,38.99,39.55,0.9858,0.995542857,0.992102,0.996529167
438,2017-04-28,38.49,39.0,0.9869,0.994719048,0.9921120000000001,0.9965841670000001
439,2017-05-01,39.42,39.92,0.9875,0.9938095240000001,0.9920899999999999,0.9966174999999999
440,2017-05-02,39.28,39.75,0.9882,0.993047619,0.9920680000000001,0.996668333
441,2017-05-03,38.97,39.35,0.9903,0.99217619,0.992158,0.996721667
442,2017-05-04,39.7,40.23,0.9868,0.991380952,0.992216,0.996765
443,2017-05-05,43.81,43.97,0.9964,0.991180952,0.99245,0.996865
444,2017-05-08,43.62,43.56,1.0014,0.9914714290000001,0.99282,0.997053333
445,2017-05-09,42.69,42.64,1.0012,0.9914714290000001,0.9930959999999999,0.997235833
446,2017-05-10,43.13,43.1,1.0007,0.9916285709999999,0.993292,0.99741
447,2017-05-11,43.46,43.23,1.0053,0.9919904759999999,0.993608,0.9976516670000001
448,2017-05-12,43.09,42.87,1.0051,0.9925904759999999,0.9939180000000001,0.9979225
449,2017-05-15,43.3,43.29,1.0002,0.9928904759999999,0.994174,0.998121667
450,2017-05-16,44.41,44.39,1.0005,0.99337619,0.9943799999999999,0.998316667
451,2017-05-17,41.64,41.37,1.0065,0.994114286,0.994748,0.998543333
452,2017-05-18,41.71,41.53,1.0043,0.994766667,0.99508,0.9987799999999999
453,2017-05-19,41.42,41.04,1.0093,0.995709524,0.9954940000000001,0.9990241670000001
454,2017-05-22,41.7,41.27,1.0104,0.9967904759999999,0.995878,0.9992850000000001
455,2017-05-23,42.88,42.63,1.0059,0.99757619,0.9962780000000001,0.999494167
456,2017-05-24,43.76,43.54,1.0051,0.9983523809999999,0.9966200000000001,0.9997149999999999
457,2017-05-25,43.63,43.23,1.0093,0.9993857140000001,0.99697,0.9999258329999999
458,2017-05-26,43.65,43.34,1.0072,1.000404762,0.99736,1.0001183329999999
459,2017-05-30,43.9,43.49,1.0094,1.00147619,0.9977239999999999,1.000314167
460,2017-05-31,43.89,43.52,1.0085,1.00247619,0.9981200000000001,1.000235833
461,2017-06-01,44.99,44.7,1.0065,1.0033476190000001,0.9983920000000001,1.00017
462,2017-06-02,45.39,45.06,1.0073,1.004157143,0.99877,1.0001275
463,2017-06-05,45.07,44.73,1.0076,1.0051476190000002,0.999006,1.000100833
464,2017-06-06,45.49,45.21,1.0062,1.005614286,0.999242,1.0000466670000001
465,2017-06-07,45.82,45.54,1.0061,1.005838095,0.9994280000000001,0.9999875
466,2017-06-08,45.8,45.5,1.0066,1.006095238,0.9994620000000001,0.999951667
467,2017-06-09,44.77,44.44,1.0074,1.006414286,0.999526,1.0
468,2017-06-12,44.74,44.44,1.0068,1.006485714,0.9995299999999999,1.0000125
469,2017-06-13,45.21,45.24,0.9993,1.006209524,0.999432,0.9999933329999999
470,2017-06-14,45.65,45.76,0.9976,1.0060857140000001,0.9992120000000001,0.9999758329999999
471,2017-06-15,45.44,45.57,0.9971,1.00592381,0.999084,0.9999450000000001
472,2017-06-16,45.58,45.65,0.9985,1.005542857,0.999042,0.9998299999999999
473,2017-06-19,46.77,46.76,1.0002,1.0053476190000001,0.9991399999999999,0.999831667
474,2017-06-20,47.3,47.55,0.9947,1.0046523809999999,0.9990100000000001,0.999771667
475,2017-06-21,48.3,48.48,0.9963,1.003980952,0.9989879999999999,0.9997475
476,2017-06-22,49.07,49.26,0.9961,1.003514286,0.998956,0.999699167
477,2017-06-23,50.69,51.04,0.9931,1.002942857,0.9989680000000001,0.999645833
478,2017-06-26,50.08,50.32,0.9952,1.002271429,0.998994,0.9995700000000001
479,2017-06-27,48.04,48.18,0.9971,1.001790476,0.99913,0.999498333
480,2017-06-28,48.57,48.72,0.9969,1.001195238,0.9992479999999999,0.9993833329999999
481,2017-06-29,47.7,48.02,0.9933,1.000471429,0.999302,0.9992274999999999
482,2017-06-30,48.84,49.01,0.9965,0.999995238,0.999442,0.9991375
483,2017-07-03,48.63,48.86,0.9953,0.99942381,0.9995940000000001,0.998998333
484,2017-07-05,48.5,48.72,0.9955,0.9988476190000001,0.9997159999999999,0.998834167
485,2017-07-06,47.01,47.29,0.9941,0.9982714290000001,0.999822,0.998704167
486,2017-07-07,46.56,46.5,1.0013,0.9980428570000001,1.0000959999999999,0.9986200000000001
487,2017-07-10,46.44,46.15,1.0063,0.998028571,1.000506,0.99854
488,2017-07-11,46.39,46.15,1.0052,0.99792381,1.000872,0.998441667
489,2017-07-12,44.62,44.32,1.0068,0.99792381,1.001258,0.9983774999999999
490,2017-07-13,45.12,44.92,1.0045,0.9981714290000001,1.001584,0.9982725
491,2017-07-14,46.41,46.52,0.9976,0.9981714290000001,1.00173,0.9981174999999999
492,2017-07-17,46.88,47.1,0.9953,0.998085714,1.0019,0.9979049999999999
493,2017-07-18,46.39,46.52,0.9972,0.99802381,1.001916,0.997713333
494,2017-07-19,45.54,45.63,0.998,0.997919048,1.0018479999999998,0.9975375
495,2017-07-20,44.75,44.56,1.0043,0.99837619,1.00191,0.997403333
496,2017-07-21,44.63,44.43,1.0045,0.998766667,1.001986,0.9973116670000001
497,2017-07-24,44.95,44.73,1.0049,0.9991857140000001,1.001978,0.997210833
498,2017-07-25,45.71,45.56,1.0033,0.9996714290000001,1.001942,0.9971174999999999
499,2017-07-26,45.59,45.44,1.0033,1.000057143,1.0020040000000001,0.996975
500,2017-07-27,45.06,44.92,1.0031,1.0003428570000001,1.002056,0.9968875
501,2017-07-28,45.33,45.22,1.0024,1.000604762,1.001974,0.9968275
502,2017-07-31,45.43,45.16,1.006,1.001209524,1.002008,0.996811667
503,2017-08-01,45.67,45.47,1.0044,1.001585714,1.00191,0.996894167
504,2017-08-02,45.75,45.46,1.0064,1.0021142859999999,1.00183,0.997004167
505,2017-08-03,45.67,45.42,1.0055,1.002590476,1.001822,0.99713
506,2017-08-04,45.64,45.24,1.0088,1.0032904759999999,1.001896,0.997299167
507,2017-08-07,47.43,47.5,0.9985,1.003157143,1.00168,0.9974200000000001
508,2017-08-08,47.74,47.93,0.996,1.002666667,1.001456,0.9975
509,2017-08-09,43.39,43.59,0.9954,1.0022,1.001176,0.997556667
510,2017-08-10,40.25,40.5,0.9938,1.001580952,1.000882,0.997594167
511,2017-08-11,40.71,40.97,0.9937,1.0010666670000001,1.000626,0.99766
512,2017-08-14,41.31,41.58,0.9935,1.000871429,1.00035,0.99774
513,2017-08-15,40.79,40.85,0.9985,1.00102381,1.000168,0.9978549999999999
514,2017-08-16,40.62,40.51,1.0027,1.001285714,1.000098,0.99802
515,2017-08-17,39.22,38.99,1.0059,1.001661905,1.000094,0.9981741670000001
516,2017-08-18,38.88,38.64,1.0062,1.001752381,1.000086,0.998301667
517,2017-08-21,38.81,38.62,1.0049,1.0017714290000002,1.0000360000000001,0.9984299999999999
518,2017-08-22,38.41,38.2,1.0055,1.0018,1.00001,0.9985625
519,2017-08-23,38.61,38.32,1.0076,1.002004762,1.000176,0.998730833
520,2017-08-24,38.81,38.48,1.0086,1.002257143,1.0003959999999998,0.998884167
521,2017-08-25,38.3,37.92,1.01,1.002585714,1.0006540000000002,0.999066667
522,2017-08-28,38.56,38.21,1.0092,1.002909524,1.000868,0.9992458329999999
523,2017-08-29,39.7,39.44,1.0066,1.002938095,1.000996,0.999395833
524,2017-08-30,39.78,39.4,1.0096,1.003185714,1.0012940000000001,0.9995491670000001
525,2017-08-31,39.92,39.62,1.0076,1.003242857,1.00152,0.9997299999999999
526,2017-09-01,39.95,39.67,1.0071,1.003319048,1.0017399999999999,0.9998891670000001
527,2017-09-05,39.37,39.04,1.0085,1.003304762,1.002048,1.000028333
528,2017-09-06,39.08,38.8,1.0072,1.003719048,1.0022879999999998,1.000190833
529,2017-09-07,39.21,38.84,1.0095,1.004361905,1.002536,1.000343333
530,2017-09-08,38.14,37.8,1.0090000000000001,1.005009524,1.0027780000000002,1.0005125
531,2017-09-11,39.3,39.11,1.0049,1.005538095,1.00301,1.0006125
532,2017-09-12,40.62,40.61,1.0002,1.005847619,1.003084,1.000710833
533,2017-09-13,38.91,39.05,0.9964,1.0059857140000001,1.003106,1.0007158329999999
534,2017-09-14,39.87,40.0,0.9967,1.0059,1.0031299999999999,1.000735
535,2017-09-15,40.15,40.34,0.9953,1.0055476190000001,1.003154,1.0007225
536,2017-09-18,40.58,40.77,0.9953,1.005042857,1.003034,1.0006424999999999
537,2017-09-19,39.86,40.02,0.996,1.004557143,1.002828,1.0005741670000001
538,2017-09-20,40.15,40.28,0.9968,1.0041714290000001,1.00266,1.0004925
539,2017-09-21,39.86,39.92,0.9985,1.003838095,1.002494,1.000445
540,2017-09-22,38.93,39.1,0.9957,1.003271429,1.002318,1.0003375
541,2017-09-25,38.91,39.11,0.9949,1.002619048,1.002264,1.000265833
542,2017-09-26,38.75,39.02,0.9931,1.0018142859999999,1.00222,1.000203333
543,2017-09-27,38.92,39.18,0.9934,1.001061905,1.0021440000000001,1.0001875
544,2017-09-28,39.43,39.62,0.9952,1.000519048,1.0020879999999999,1.0001375
545,2017-09-29,40.15,40.21,0.9985,0.9999904759999999,1.0019719999999999,1.000146667
546,2017-10-02,40.56,40.6,0.9990000000000001,0.9995809520000001,1.001862,1.0001575
547,2017-10-03,40.83,40.95,0.9971,0.999104762,1.001706,1.000195833
548,2017-10-04,41.65,41.91,0.9938,0.9984047620000001,1.001516,1.0001950000000002
549,2017-10-05,41.47,41.69,0.9947,0.9978095240000001,1.001344,1.000231667
550,2017-10-06,41.89,42.12,0.9945,0.997095238,1.001172,1.000260833
551,2017-10-09,41.95,42.13,0.9957,0.996461905,1.0010379999999999,1.000303333
552,2017-10-10,41.6,41.87,0.9936,0.99592381,1.00079,1.0003375
553,2017-10-11,41.25,41.41,0.9961,0.9957285709999999,1.000624,1.0004075000000001
554,2017-10-12,41.43,41.71,0.9933,0.9955809520000001,1.000362,1.00044
555,2017-10-13,41.44,41.55,0.9974,0.9956142859999999,1.0002,1.000511667
556,2017-10-16,41.1,41.14,0.9990000000000001,0.9957904759999999,1.0000040000000001,1.000606667
557,2017-10-17,41.51,41.62,0.9974,0.9958904759999999,0.9999819999999999,1.000703333
558,2017-10-18,40.92,41.02,0.9976,0.995966667,1.000014,1.0007925
559,2017-10-19,40.92,41.19,0.9934,0.995804762,0.999974,1.000841667
560,2017-10-20,41.1,41.25,0.9964,0.995704762,1.000026,1.00091
561,2017-10-23,40.75,40.93,0.9956,0.9957,1.0000639999999998,1.000954167
562,2017-10-24,40.99,41.1,0.9973,0.995814286,1.00014,1.001041667
563,2017-10-25,40.35,40.6,0.9938,0.9958476190000001,1.000046,1.00102
564,2017-10-26,41.2,41.43,0.9944,0.995895238,0.9998799999999999,1.000961667
565,2017-10-27,41.02,41.14,0.9971,0.995985714,0.999704,1.0009275
566,2017-10-30,40.77,40.88,0.9973,0.995928571,0.999526,1.000899167
567,2017-10-31,41.31,41.28,1.0007,0.9960095240000001,0.999442,1.000860833
568,2017-11-01,40.53,40.3,1.0057,0.9964190479999999,0.999446,1.000865833
569,2017-11-02,39.67,39.51,1.004,0.996904762,0.999374,1.0008975
570,2017-11-03,40.62,40.48,1.0035,0.99732381,0.9992719999999999,1.0009225
571,2017-11-06,40.97,40.82,1.0037,0.997761905,0.9991459999999999,1.000899167
572,2017-11-07,40.22,39.97,1.0063,0.998266667,0.9990879999999999,1.0009158329999999
573,2017-11-08,41.15,41.04,1.0027,0.9987,0.9990100000000001,1.000860833
574,2017-11-09,40.43,40.38,1.0012,0.9989428570000001,0.998842,1.000784167
575,2017-11-10,39.74,39.54,1.0051,0.999504762,0.998792,1.0007774999999999
576,2017-11-13,39.2,39.12,1.002,0.99972381,0.99869,1.000751667
577,2017-11-14,39.28,39.07,1.0054,1.0000285709999999,0.9986280000000001,1.000719167
578,2017-11-15,40.02,39.87,1.0038,1.000333333,0.99856,1.000690833
579,2017-11-16,41.09,40.87,1.0054,1.000704762,0.9984780000000001,1.0006575
580,2017-11-17,41.02,40.89,1.0032,1.001171429,0.9983620000000001,1.000613333
581,2017-11-20,41.1,40.94,1.0039,1.001528571,0.9983420000000001,1.0005916670000001
582,2017-11-21,41.4,41.36,1.001,1.0017857140000002,0.998358,1.0005391670000001
583,2017-11-22,41.77,41.7,1.0017,1.001995238,0.9984639999999999,1.0004899999999999
584,2017-11-24,42.19,42.03,1.0038,1.002471429,0.998606,1.00047
585,2017-11-27,42.73,42.59,1.0033,1.002895238,0.9987659999999999,1.000446667
586,2017-11-28,42.31,42.36,0.9988,1.00297619,0.9988360000000001,1.000381667
587,2017-11-29,40.82,40.87,0.9988,1.0030476190000002,0.998892,1.00031
588,2017-11-30,41.06,41.04,1.0005,1.003038095,0.998966,1.0002575
589,2017-12-01,40.93,40.81,1.0029,1.002904762,0.9990540000000001,1.0002875
590,2017-12-04,39.88,39.99,0.9972,1.002580952,0.999084,1.000284167
591,2017-12-05,40.32,40.33,0.9998,1.002404762,0.999182,1.000306667
592,2017-12-06,40.65,40.81,0.9961,1.002042857,0.999242,1.0002866670000001
593,2017-12-07,40.97,41.13,0.9961,1.0015571429999999,0.999296,1.0002525
594,2017-12-08,40.22,40.18,1.001,1.00147619,0.9994120000000001,1.000305
595,2017-12-11,40.85,40.85,1.0,1.001419048,0.999442,1.000335833
596,2017-12-12,40.39,40.52,0.9968,1.00102381,0.999398,1.000341667
597,2017-12-13,41.57,41.77,0.9952,1.0007,0.99936,1.000359167
598,2017-12-14,40.64,40.72,0.998,1.000347619,0.999444,1.0003825000000002
599,2017-12-15,41.18,41.22,0.9990000000000001,1.000119048,0.9995299999999999,1.000398333
600,2017-12-18,41.64,41.79,0.9964,0.9996904759999999,0.999568,1.000394167
601,2017-12-19,43.0,43.21,0.9951,0.9993047620000001,0.999556,1.000409167
602,2017-12-20,42.84,43.07,0.9947,0.998866667,0.9995780000000001,1.000394167
603,2017-12-21,42.15,42.37,0.9948,0.9985714290000001,0.999552,1.00039
604,2017-12-22,42.1,42.34,0.9943,0.9982190479999999,0.9995719999999999,1.0003799999999998
605,2017-12-26,41.81,42.0,0.9955,0.99782381,0.999534,1.000391667
606,2017-12-27,41.46,41.59,0.9969,0.997519048,0.999492,1.0003549999999999
607,2017-12-28,41.3,41.42,0.9971,0.997438095,0.9994860000000001,1.000278333
608,2017-12-29,40.74,40.92,0.9956,0.9972857140000001,0.999446,1.000198333
609,2018-01-02,42.3,42.48,0.9958,0.997061905,0.9994940000000001,1.000106667
610,2018-01-03,42.73,42.97,0.9944,0.996657143,0.9994540000000001,1.0000225
611,2018-01-04,42.01,42.13,0.9972,0.996657143,0.9994860000000001,1.000019167
612,2018-01-05,42.34,42.61,0.9937,0.996366667,0.9994139999999999,1.000005833
613,2018-01-08,42.62,42.76,0.9967,0.996395238,0.9994719999999999,1.000001667
614,2018-01-09,41.96,42.17,0.995,0.996342857,0.999484,0.999976667
615,2018-01-10,42.19,42.5,0.9927,0.9959476190000001,0.999396,0.9998799999999999
616,2018-01-11,44.23,44.53,0.9933,0.9956285709999999,0.999316,0.9997866670000001
617,2018-01-12,44.37,44.53,0.9964,0.995609524,0.99923,0.999715833
618,2018-01-16,44.2,44.4,0.9955,0.99562381,0.999026,0.999650833
619,2018-01-17,44.35,44.54,0.9957,0.9955142859999999,0.9988600000000001,0.9995875
620,2018-01-18,43.86,43.97,0.9975,0.995442857,0.99874,0.999540833
621,2018-01-19,42.62,42.58,1.0009,0.995657143,0.998684,0.999528333
622,2018-01-22,43.02,42.93,1.0021,0.9959904759999999,0.9986,0.999495833
623,2018-01-23,43.72,43.72,1.0,0.996242857,0.9985459999999999,0.999459167
624,2018-01-24,43.8,43.72,1.0018,0.99657619,0.998558,0.999420833
625,2018-01-25,44.31,44.2,1.0025,0.996966667,0.9985059999999999,0.999395833
626,2018-01-26,46.28,46.04,1.0052,0.9974285709999999,0.9985700000000001,0.9993658329999999
627,2018-01-29,45.41,45.19,1.0049,0.9978095240000001,0.99856,0.999419167
628,2018-01-30,44.95,44.77,1.004,0.998138095,0.9985639999999999,0.9994858329999999
629,2018-01-31,44.79,44.46,1.0074,0.9987,0.998604,0.9995858329999999
630,2018-02-01,45.09,44.7,1.0087,0.9993142859999999,0.998714,0.99971
631,2018-02-02,44.56,44.16,1.0091,1.0000142859999999,0.998818,0.999838333
632,2018-02-05,44.14,43.93,1.0048,1.00037619,0.9988940000000001,0.9999325000000001
633,2018-02-06,43.82,43.51,1.0071,1.001014286,0.9990020000000001,1.000004167
634,2018-02-07,44.75,44.55,1.0045,1.001385714,0.999016,1.000019167
635,2018-02-08,46.39,46.36,1.0006,1.001652381,0.9989620000000001,0.999975
636,2018-02-09,44.95,45.12,0.9962,1.001819048,0.9989100000000001,0.999891667
637,2018-02-12,44.22,44.27,0.9989,1.0020857140000001,0.9989120000000001,0.999841667
638,2018-02-13,44.76,44.72,1.0009,1.0023,0.99892,0.999803333
639,2018-02-14,47.13,46.97,1.0034,1.00267619,0.9989299999999999,0.999768333
640,2018-02-15,47.39,47.16,1.0049,1.003114286,0.999084,0.9997375
641,2018-02-16,46.96,46.85,1.0023,1.003342857,0.999134,0.9996733329999999
642,2018-02-20,47.47,47.42,1.0011,1.003352381,0.9992340000000001,0.9996058329999999
643,2018-02-21,47.74,47.57,1.0036,1.00342381,0.999384,0.999580833
644,2018-02-22,47.8,47.83,0.9994,1.003395238,0.999352,0.999495833
645,2018-02-23,47.0,46.69,1.0066,1.00362381,0.999484,0.9994875
646,2018-02-26,46.56,46.27,1.0063,1.0038047620000001,0.999674,0.999480833
647,2018-02-27,46.8,46.79,1.0002,1.003566667,0.9997739999999999,0.9994116670000001
648,2018-02-28,47.54,47.67,0.9973,1.003204762,0.99976,0.9993291670000001
649,2018-03-01,47.8,47.96,0.9967,1.002857143,0.999714,0.9992225
650,2018-03-02,49.12,49.21,0.9982,1.002419048,0.99975,0.9991325000000001
651,2018-03-05,51.21,51.48,0.9948,1.001757143,0.9997440000000001,0.999048333
652,2018-03-06,52.55,52.85,0.9943,1.001052381,0.9997360000000001,0.998999167
653,2018-03-07,53.65,53.95,0.9944,1.000557143,0.9997280000000001,0.9989825000000001
654,2018-03-08,53.65,53.77,0.9978,1.0001142859999999,0.999798,0.9989916670000001
655,2018-03-09,55.12,55.19,0.9987,0.999838095,0.999862,0.99902
656,2018-03-12,56.78,56.97,0.9967,0.999652381,0.999858,0.999031667
657,2018-03-13,57.15,57.24,0.9984,0.999757143,0.999884,0.999051667
658,2018-03-14,58.49,58.64,0.9974,0.9996857140000001,0.99992,0.9990566670000001
659,2018-03-15,57.99,58.2,0.9964,0.9994714290000001,0.9999319999999999,0.9990391670000001
660,2018-03-16,58.4,58.61,0.9964,0.999138095,0.999972,0.9990450000000001
661,2018-03-19,57.17,57.18,0.9998,0.998895238,1.000024,0.999085833
662,2018-03-20,57.4,57.37,1.0005,0.998809524,1.00016,0.9991475000000001
663,2018-03-21,57.2,57.27,0.9988,0.9987,1.000202,0.9991924999999999
664,2018-03-22,55.63,55.58,1.0009,0.9985714290000001,1.00032,0.99924
665,2018-03-23,54.37,54.22,1.0028,0.998733333,1.000522,0.999275833
666,2018-03-26,55.88,55.8,1.0014,0.9984857140000001,1.000684,0.999295833
667,2018-03-27,53.84,53.7,1.0026,0.9983095240000001,1.000808,0.999341667
668,2018-03-28,53.41,53.47,0.9989,0.998247619,1.000876,0.999384167
669,2018-03-29,54.0,53.8,1.0037,0.998552381,1.001036,0.999459167
670,2018-04-02,53.04,52.99,1.0009,0.998752381,1.001104,0.9995125
671,2018-04-03,53.43,53.52,0.9983,0.998757143,1.001052,0.9995341670000001
672,2018-04-04,53.47,53.32,1.0028,0.999138095,1.001066,0.999610833
673,2018-04-05,52.97,52.94,1.0006,0.999438095,1.0010780000000001,0.999648333
674,2018-04-06,52.65,52.68,0.9994,0.99967619,1.0010299999999999,0.999699167
675,2018-04-09,51.97,51.74,1.0044,0.9999904759999999,1.001068,0.9997575000000001
676,2018-04-10,53.73,53.55,1.0034,1.0002142859999998,1.001032,0.999794167
677,2018-04-11,53.41,53.21,1.0038,1.0005523809999999,1.00101,0.9998475
678,2018-04-12,53.77,53.6,1.0032,1.000780952,1.0009940000000002,0.999894167
679,2018-04-13,49.84,50.1,0.9948,1.000657143,1.000742,0.999905833
680,2018-04-16,49.03,49.61,0.9883,1.000271429,1.000334,0.999838333
681,2018-04-17,49.39,49.65,0.9948,1.0001952379999999,1.000048,0.999831667
682,2018-04-18,48.45,48.81,0.9926,0.999852381,0.9998040000000001,0.9997925
683,2018-04-19,46.48,46.96,0.9898,0.999342857,0.999458,0.999759167
684,2018-04-20,46.7,47.18,0.9898,0.998914286,0.9991639999999999,0.9997208329999999
685,2018-04-23,47.69,47.94,0.9948,0.99862381,0.9990479999999999,0.9997016670000001
686,2018-04-24,47.5,47.68,0.9962,0.9983095240000001,0.9990479999999999,0.9996924999999999
687,2018-04-25,47.34,47.5,0.9966,0.998080952,0.9990020000000001,0.999658333
688,2018-04-26,47.26,47.31,0.9989,0.997904762,0.9989620000000001,0.9996016670000001
689,2018-04-27,47.26,47.26,1.0,0.9979571429999999,0.9988940000000001,0.9995683329999999
690,2018-04-30,48.37,48.49,0.9975,0.997661905,0.9987459999999999,0.9995183329999999
691,2018-05-01,49.56,49.72,0.9968,0.9974666670000001,0.9986360000000001,0.999460833
692,2018-05-02,50.74,50.83,0.9982,0.997461905,0.9985780000000001,0.999393333
693,2018-05-03,51.47,51.51,0.9992,0.997290476,0.99849,0.9993641670000001
694,2018-05-04,53.0,52.85,1.0028,0.997395238,0.998558,0.9993774999999999
695,2018-05-07,55.6,55.91,0.9945,0.997161905,0.998316,0.999289167
696,2018-05-08,54.5,55.1,0.9891,0.9964333329999999,0.997972,0.999181667
697,2018-05-09,55.74,56.38,0.9886,0.9957285709999999,0.99774,0.9990416670000001
698,2018-05-10,54.64,55.33,0.9875,0.9949523809999999,0.9975440000000001,0.998905833
699,2018-05-11,54.25,54.91,0.988,0.994228571,0.9973700000000001,0.998760833
700,2018-05-14,53.94,54.65,0.987,0.9938571429999999,0.9971459999999999,0.998625833
701,2018-05-15,51.58,52.1,0.99,0.993938095,0.99705,0.99851
702,2018-05-16,52.77,53.0,0.9957,0.993980952,0.997078,0.998465833
703,2018-05-17,52.09,52.115,0.9995,0.9943095240000001,0.99718,0.9984475
704,2018-05-18,51.66,51.67,0.9998,0.994785714,0.9972200000000001,0.9984141670000001
705,2018-05-21,51.82,51.87,0.9990000000000001,0.99522381,0.9972260000000001,0.998378333
706,2018-05-22,51.69,51.86,0.9967,0.9953142859999999,0.9972260000000001,0.998360833
707,2018-05-23,54.53,54.56,0.9995,0.9954714290000001,0.9972479999999999,0.998366667
708,2018-05-24,55.88,56.0,0.9979,0.995533333,0.997258,0.998345
709,2018-05-25,56.08,56.15,0.9988,0.9955285709999999,0.9973059999999999,0.998310833
710,2018-05-29,54.79,54.76,1.0005,0.995552381,0.9973879999999999,0.998338333
711,2018-05-30,57.38,57.62,0.9958,0.9954714290000001,0.997308,0.9983049999999999
712,2018-05-31,58.24,58.33,0.9985,0.995552381,0.997268,0.998325
713,2018-06-01,59.02,59.03,0.9998,0.9956285709999999,0.997288,0.998355833
714,2018-06-04,59.31,59.33,0.9997,0.995652381,0.9972639999999999,0.998345
715,2018-06-05,60.83,60.83,1.0,0.995519048,0.997208,0.998345
716,2018-06-06,62.0,62.21,0.9966,0.995619048,0.9971120000000001,0.998343333
717,2018-06-07,61.2,61.52,0.9948,0.9958904759999999,0.996956,0.99834
718,2018-06-08,62.17,62.43,0.9958,0.9962333329999999,0.9968940000000001,0.998321667
719,2018-06-11,62.35,62.65,0.9952,0.9966,0.9967239999999999,0.99829
720,2018-06-12,64.21,64.34,0.998,0.99707619,0.9966659999999999,0.998303333
721,2018-06-13,63.92,63.99,0.9989,0.997642857,0.9966780000000001,0.9983350000000001
722,2018-06-14,64.79,65.09,0.9954,0.9979,0.9965299999999999,0.998340833
723,2018-06-15,65.21,65.57,0.9945,0.9978428570000001,0.996408,0.998338333
724,2018-06-18,64.32,64.78,0.9929,0.9975285709999999,0.9962780000000001,0.9983266670000001
725,2018-06-19,62.93,63.08,0.9976,0.99742381,0.996142,0.9983441670000001
726,2018-06-20,64.32,64.66,0.9947,0.9972190479999999,0.9959680000000001,0.998325833
727,2018-06-21,61.71,61.84,0.9979,0.99727619,0.99585,0.9983325000000001
728,2018-06-22,61.49,61.46,1.0005,0.99732381,0.9957959999999999,0.998373333
729,2018-06-25,60.6,60.75,0.9975,0.9973047620000001,0.99585,0.9983875
730,2018-06-26,60.82,60.8,1.0003,0.99737619,0.9960899999999999,0.998436667
731,2018-06-27,60.75,60.7,1.0008,0.997390476,0.99621,0.998466667
732,2018-06-28,59.06,58.62,1.0075,0.9979476190000001,0.996508,0.9985816670000001
733,2018-06-29,59.75,59.06,1.0117,0.99857619,0.9969459999999999,0.998706667
734,2018-07-02,61.1,60.25,1.0141,0.999257143,0.997432,0.998865833
735,2018-07-03,61.0,60.29,1.0118,0.999833333,0.9977719999999999,0.999025
736,2018-07-05,61.72,60.8,1.0151,1.0005523809999999,0.99815,0.999206667
737,2018-07-06,63.01,62.33,1.0109,1.001233333,0.9984360000000001,0.9993274999999999
738,2018-07-09,62.41,61.67,1.012,1.002052381,0.998698,0.9994649999999999
739,2018-07-10,61.7,60.94,1.0125,1.002847619,0.998948,0.999605
740,2018-07-11,62.45,61.64,1.0131,1.0037,0.99926,0.999735
741,2018-07-12,63.78,63.06,1.0114,1.004338095,0.999552,0.9998225000000001
742,2018-07-13,63.57,62.81,1.0121,1.004966667,0.9998299999999999,0.999905833
743,2018-07-16,63.61,62.9,1.0113,1.00572381,1.0000719999999998,1.0
744,2018-07-17,64.33,63.53,1.0126,1.006585714,1.000268,1.00009
745,2018-07-18,63.76,62.96,1.0127,1.007528571,1.000632,1.000175
746,2018-07-19,63.68,62.92,1.0121,1.008219048,1.001092,1.0002325
747,2018-07-20,62.74,61.96,1.0126,1.009071429,1.001572,1.000296667
748,2018-07-23,63.68,62.97,1.0113,1.009709524,1.002048,1.0003575
749,2018-07-24,61.42,60.8,1.0102,1.0101714290000001,1.002492,1.000380833
750,2018-07-25,62.7,62.03,1.0108,1.010804762,1.002968,1.000398333
751,2018-07-26,62.69,61.98,1.0115,1.011338095,1.003398,1.000418333
752,2018-07-27,58.25,57.78,1.0081,1.011685714,1.0036459999999998,1.000445833
753,2018-07-30,56.33,55.72,1.0109,1.011847619,1.003874,1.0004775
754,2018-07-31,56.37,55.7,1.012,1.011861905,1.004118,1.00054
755,2018-08-01,57.39,56.68,1.0125,1.0117857140000002,1.0043879999999998,1.000639167
756,2018-08-02,57.93,57.11,1.0144,1.011909524,1.004742,1.000790833
757,2018-08-03,58.25,57.57,1.0118,1.011752381,1.004988,1.0008983329999999
758,2018-08-06,59.0,58.15,1.0146,1.0119285709999999,1.0053219999999998,1.0010125
759,2018-08-07,49.4,49.56,0.9968,1.011204762,1.005282,1.0009575000000002
760,2018-08-08,51.1,50.95,1.0029,1.010747619,1.0053299999999998,1.000940833
761,2018-08-09,50.96,50.95,1.0002,1.010133333,1.005418,1.000923333
762,2018-08-10,48.98,48.98,1.0,1.0095904759999998,1.005448,1.0009141670000001
763,2018-08-13,47.42,47.34,1.0017,1.009095238,1.005486,1.0008983329999999
764,2018-08-14,48.12,48.0,1.0025,1.00867619,1.005542,1.000924167
765,2018-08-15,46.53,46.7,0.9964,1.0079047620000001,1.00547,1.000839167
766,2018-08-16,46.44,46.63,0.9959,1.007104762,1.005456,1.0007525
767,2018-08-17,46.24,46.27,0.9994,1.0065,1.0055479999999999,1.0007458329999999
768,2018-08-20,47.85,47.98,0.9973,1.0057714290000002,1.005578,1.0007458329999999
769,2018-08-21,48.23,48.47,0.995,1.004995238,1.005574,1.000731667
770,2018-08-22,47.8,47.9,0.9979,1.0044095240000002,1.005572,1.000729167
771,2018-08-23,47.33,47.47,0.9971,1.003757143,1.005536,1.000748333
772,2018-08-24,46.84,46.97,0.9972,1.00307619,1.005572,1.0007725
773,2018-08-27,47.57,47.74,0.9964,1.002519048,1.0056100000000001,1.000789167
774,2018-08-28,47.73,47.93,0.9958,1.0018,1.005668,1.0007725
775,2018-08-29,47.68,47.99,0.9935,1.0009190479999999,1.005586,1.000729167
776,2018-08-30,47.89,48.22,0.9932,1.0,1.005556,1.0007
777,2018-08-31,48.1,48.65,0.9887,0.99877619,1.005372,1.000619167
778,2018-09-04,47.39,47.69,0.9937,0.997914286,1.005236,1.000588333
779,2018-09-05,47.33,47.68,0.9927,0.996871429,1.00514,1.0005575
780,2018-09-06,44.23,44.63,0.991,0.9965952379999999,1.0049540000000001,1.0005125
781,2018-09-07,44.47,44.92,0.99,0.995980952,1.004738,1.000430833
782,2018-09-10,45.74,46.11,0.992,0.995590476,1.004428,1.0003600000000001
783,2018-09-11,46.75,47.12,0.9921,0.995214286,1.0040360000000002,1.0003041670000001
784,2018-09-12,47.08,47.53,0.9905,0.9946809520000001,1.003564,1.0002175
785,2018-09-13,46.14,46.6,0.9901,0.9940904759999999,1.0031299999999999,1.000111667
786,2018-09-14,46.12,46.54,0.991,0.993833333,1.002648,1.000025
787,2018-09-17,43.85,44.25,0.991,0.9936,1.00225,0.999928333
788,2018-09-18,44.22,44.64,0.9906,0.993180952,1.001822,0.999859167
789,2018-09-19,43.81,44.11,0.9932,0.992985714,1.001436,0.999771667
790,2018-09-20,44.57,44.67,0.9978,0.993119048,1.0011299999999999,0.999745833
791,2018-09-21,42.58,42.81,0.9946,0.992961905,1.000794,0.9997149999999999
792,2018-09-24,42.91,43.015,0.9976,0.992985714,1.000504,0.999671667
793,2018-09-25,43.62,43.72,0.9977,0.9930095240000001,1.000232,0.9996475
794,2018-09-26,42.46,42.48,0.9995,0.993157143,0.99997,0.999648333
795,2018-09-27,43.1,43.21,0.9975,0.993238095,0.9996659999999999,0.999590833
796,2018-09-28,44.2,44.25,0.9989,0.993495238,0.999402,0.9995533329999999
797,2018-10-01,42.17,42.3,0.9969,0.993671429,0.9990879999999999,0.999495833
798,2018-10-02,42.07,42.26,0.9955,0.993995238,0.9987719999999999,0.9994316670000001
799,2018-10-03,42.34,42.6,0.9939,0.994004762,0.998446,0.999424167
800,2018-10-04,42.48,42.61,0.9969,0.9942047620000001,0.998168,0.999495833
801,2018-10-05,41.57,41.82,0.9940000000000001,0.994347619,0.997818,0.999489167
802,2018-10-08,40.85,40.91,0.9985,0.994752381,0.997626,0.999538333
803,2018-10-09,39.49,39.45,1.001,0.995180952,0.9974280000000001,0.9996316670000001
804,2018-10-10,38.3,38.34,0.9990000000000001,0.995509524,0.997168,0.999708333
805,2018-10-11,38.04,38.16,0.9969,0.995814286,0.996856,0.999725833
806,2018-10-12,38.46,38.56,0.9974,0.996161905,0.996516,0.999735833
807,2018-10-15,38.8,38.94,0.9964,0.9964190479999999,0.996208,0.9997341670000001
808,2018-10-16,40.98,41.31,0.992,0.9964666670000001,0.995756,0.999676667
809,2018-10-17,41.26,41.5,0.9942,0.996638095,0.995704,0.999628333
810,2018-10-18,39.94,40.15,0.9948,0.9967142859999999,0.995542,0.9996058329999999
811,2018-10-19,39.02,39.22,0.9949,0.99657619,0.9954360000000001,0.99959
812,2018-10-22,39.7,40.02,0.992,0.9964523809999999,0.995276,0.999538333
813,2018-10-23,40.46,40.6,0.9966,0.996404762,0.995174,0.9995166670000001
814,2018-10-24,39.01,39.29,0.9929,0.99617619,0.9949819999999999,0.999434167
815,2018-10-25,41.46,41.655,0.9953,0.99597619,0.9949600000000001,0.999440833
816,2018-10-26,38.21,38.3,0.9977,0.995985714,0.9949959999999999,0.9995125
817,2018-10-29,37.19,37.06,1.0035,0.9962047620000001,0.995078,0.999636667
818,2018-10-30,39.23,39.26,0.9992,0.9963142859999999,0.995116,0.9997341670000001
819,2018-10-31,40.37,40.26,1.0027,0.996657143,0.9952700000000001,0.999856667
820,2018-11-01,41.84,41.94,0.9976,0.996833333,0.9952639999999999,0.9999450000000001
821,2018-11-02,41.5,41.58,0.9981,0.9968904759999999,0.9952840000000001,1.0000125
822,2018-11-05,40.45,40.45,1.0,0.99717619,0.99534,1.000048333
823,2018-11-06,40.75,41.04,0.9929,0.9969095240000001,0.9952700000000001,0.9999933329999999
824,2018-11-07,29.91,29.99,0.9973,0.996733333,0.9953,0.9999725
825,2018-11-08,29.56,29.41,1.0051,0.99702381,0.995532,1.000023333
826,2018-11-09,30.45,30.25,1.0066,0.9974857140000001,0.9958,1.0001058329999999
827,2018-11-12,31.25,31.04,1.0068,0.997933333,0.9961620000000001,1.000166667
828,2018-11-13,30.6,30.46,1.0046,0.99832381,0.9963799999999999,1.0002225
829,2018-11-14,28.66,28.41,1.0088,0.99912381,0.9967020000000001,1.0003058329999999
830,2018-11-15,28.08,28.05,1.0011,0.9994523809999999,0.9969040000000001,1.000310833
831,2018-11-16,28.89,28.91,0.9993,0.9996666670000001,0.9970899999999999,1.00034
832,2018-11-19,27.0,27.16,0.9941,0.9996285709999999,0.997132,1.000303333
833,2018-11-20,27.9,28.23,0.9883,0.9994523809999999,0.9970559999999999,1.0002075000000001
834,2018-11-21,28.94,29.18,0.9918,0.99922381,0.997082,1.000141667
835,2018-11-23,29.14,29.39,0.9915,0.999157143,0.99711,1.0000708329999999
836,2018-11-26,32.57,32.89,0.9903,0.998919048,0.9970959999999999,1.0000183329999999
837,2018-11-27,33.13,33.47,0.9898,0.998542857,0.997072,0.999976667
838,2018-11-28,34.78,35.15,0.9895,0.99787619,0.99705,0.999924167
839,2018-11-29,36.39,36.8,0.9889,0.9973857140000001,0.996964,0.9998716670000001
840,2018-11-30,36.23,36.55,0.9912,0.996838095,0.9968319999999999,0.999815
841,2018-12-03,36.61,37.02,0.9889,0.99642381,0.996718,0.999731667
842,2018-12-04,35.49,35.84,0.9902,0.996047619,0.9965700000000001,0.9996883329999999
843,2018-12-06,36.65,37.02,0.99,0.9955714290000001,0.996416,0.999650833
844,2018-12-07,35.75,36.1,0.9903,0.995447619,0.996232,0.999629167
845,2018-12-10,35.64,36.1,0.9873,0.994971429,0.996028,0.999543333
846,2018-12-11,35.58,36.01,0.9881,0.994161905,0.995812,0.999488333
847,2018-12-12,34.65,35.03,0.9892,0.9933333329999999,0.995658,0.9994158329999999
848,2018-12-13,32.48,32.84,0.9890000000000001,0.9924857140000001,0.9955280000000001,0.9993200000000001
849,2018-12-14,31.97,32.38,0.9873,0.991661905,0.995396,0.999235
850,2018-12-17,30.57,30.99,0.9864,0.9905952379999999,0.995186,0.999119167
851,2018-12-18,30.41,30.83,0.9864,0.989895238,0.995034,0.998999167
852,2018-12-19,29.85,30.29,0.9855,0.989238095,0.9947739999999999,0.998815833
853,2018-12-20,28.89,29.09,0.9931,0.989190476,0.994616,0.998660833
854,2018-12-21,28.07,28.22,0.9947,0.9894952379999999,0.9945299999999999,0.9984991670000001
855,2018-12-24,28.14,28.32,0.9936,0.9895809520000001,0.9944639999999999,0.9983475
856,2018-12-26,30.67,30.82,0.9951,0.989752381,0.994418,0.9981808329999999
857,2018-12-27,31.93,32.1,0.9947,0.989961905,0.994384,0.9980458329999999
858,2018-12-28,31.27,31.51,0.9924,0.990085714,0.994392,0.9978825000000001
859,2018-12-31,31.43,31.58,0.9953,0.990361905,0.9944139999999999,0.997739167
860,2019-01-02,30.35,30.35,1.0,0.9908904759999999,0.994518,0.9976299999999999
861,2019-01-03,30.02,29.92,1.0033,0.9914666670000001,0.9946860000000001,0.9975625
862,2019-01-04,30.81,30.8,1.0003,0.9920095240000001,0.9948520000000001,0.9974641670000001
863,2019-01-07,30.98,30.85,1.0042,0.99267619,0.9950040000000001,0.9974049999999999
864,2019-01-08,31.81,31.76,1.0016,0.993228571,0.9951780000000001,0.997313333
865,2019-01-09,32.56,32.5,1.0018,0.99377619,0.995308,0.9972225
866,2019-01-10,33.83,33.89,0.9982,0.994295238,0.995318,0.9971066670000001
867,2019-01-11,34.1,34.33,0.9933,0.994542857,0.9951139999999999,0.996945833
868,2019-01-14,33.15,33.45,0.991,0.9946285709999999,0.99495,0.996776667
869,2019-01-15,33.25,33.45,0.9940000000000001,0.994866667,0.994776,0.996641667
870,2019-01-16,33.26,33.56,0.9911,0.995047619,0.9946459999999999,0.9964775
871,2019-01-17,33.39,33.55,0.9952,0.9954666670000001,0.9945879999999999,0.996341667
872,2019-01-18,33.78,34.0,0.9935,0.995804762,0.994458,0.9962200000000001
873,2019-01-22,31.13,31.43,0.9905,0.9960428570000001,0.99441,0.99605
874,2019-01-23,30.56,30.84,0.9909,0.995938095,0.994282,0.995874167
875,2019-01-24,30.99,31.13,0.9955,0.99597619,0.9940899999999999,0.9957325
876,2019-01-25,32.39,32.55,0.9951,0.996047619,0.9938600000000001,0.995571667
877,2019-01-28,32.43,32.68,0.9924,0.995919048,0.9935719999999999,0.99541
878,2019-01-29,32.64,32.95,0.9906,0.99572381,0.993292,0.99521
879,2019-01-30,33.34,33.6,0.9923,0.995719048,0.9929620000000001,0.9951725
880,2019-01-31,34.81,35.09,0.992,0.995561905,0.9927799999999999,0.995081667
881,2019-02-01,33.98,34.24,0.9924,0.9952,0.992642,0.995016667
882,2019-02-04,33.69,33.9,0.9938,0.9947476190000001,0.9926360000000001,0.994965
883,2019-02-05,34.53,34.71,0.9948,0.9944857140000001,0.992766,0.9949075000000001
884,2019-02-06,34.02,34.08,0.9982,0.9942,0.992894,0.9948716670000001
885,2019-02-07,34.09,34.26,0.995,0.993885714,0.992964,0.9948600000000001
886,2019-02-08,35.26,35.44,0.9949,0.993557143,0.9930559999999999,0.994851667
887,2019-02-11,34.17,34.29,0.9965,0.99347619,0.99319,0.9948275
888,2019-02-12,35.81,35.99,0.995,0.993557143,0.9933,0.9948083329999999
889,2019-02-13,35.64,35.79,0.9958,0.993785714,0.9934379999999999,0.994815
890,2019-02-14,35.82,35.97,0.9958,0.993871429,0.9935299999999999,0.9947975
891,2019-02-15,36.93,37.18,0.9933,0.99397619,0.993618,0.994765833
892,2019-02-19,36.22,36.23,0.9997,0.994190476,0.993808,0.9947866670000001
893,2019-02-20,34.9,34.83,1.002,0.9945952379999999,0.9940479999999999,0.994833333
894,2019-02-21,35.06,35.04,1.0006,0.99507619,0.9942540000000001,0.9948733329999999
895,2019-02-22,43.71,44.28,0.9871,0.994895238,0.99425,0.99482
896,2019-02-25,43.16,43.65,0.9888,0.99457619,0.9942639999999999,0.994783333
897,2019-02-26,41.71,42.16,0.9893,0.9943,0.994266,0.994788333
898,2019-02-27,41.43,41.7,0.9935,0.9943523809999999,0.9943559999999999,0.9947866670000001
899,2019-02-28,41.43,41.8,0.9911,0.99437619,0.994432,0.9947733329999999
900,2019-03-01,39.94,40.36,0.9896,0.994247619,0.9944959999999999,0.994761667
901,2019-03-04,39.42,39.95,0.9867,0.993995238,0.994502,0.9947341670000001
902,2019-03-05,39.09,39.59,0.9874,0.993757143,0.99454,0.994695833
903,2019-03-06,38.02,38.36,0.9911,0.9936285709999999,0.9945,0.9946875
904,2019-03-07,37.12,37.54,0.9888,0.993342857,0.994382,0.9946733329999999
905,2019-03-08,37.84,38.39,0.9857,0.9927476190000001,0.994224,0.994636667
906,2019-03-11,39.59,40.1,0.9873,0.992380952,0.9940680000000001,0.9946058329999999
907,2019-03-12,39.23,39.76,0.9867,0.9919904759999999,0.993908,0.9945700000000001
908,2019-03-13,38.93,39.46,0.9866,0.991519048,0.993792,0.994536667
909,2019-03-14,37.61,38.1,0.9871,0.991142857,0.9936280000000001,0.9944858329999999
910,2019-03-15,37.03,37.7,0.9822,0.990495238,0.9932719999999999,0.994355833
911,2019-03-18,37.09,37.82,0.9807,0.98977619,0.99282,0.99424
912,2019-03-19,36.89,37.6,0.9811,0.989195238,0.9924360000000001,0.9941025
913,2019-03-20,35.11,35.62,0.9857,0.9885285709999999,0.992066,0.9940025
914,2019-03-21,35.61,36.22,0.9832,0.987633333,0.991698,0.993866667
915,2019-03-22,35.1,35.71,0.9829,0.9867904759999999,0.9913200000000001,0.9937450000000001
916,2019-03-25,35.29,35.86,0.9841,0.9866476190000001,0.991038,0.993621667
917,2019-03-26,34.85,35.43,0.9836,0.9864,0.9908440000000001,0.993510833
918,2019-03-27,34.7,35.27,0.9838,0.986138095,0.9907,0.993413333
919,2019-03-28,33.85,34.26,0.988,0.98587619,0.9905799999999999,0.9933641670000001
920,2019-03-29,34.2,34.74,0.9845,0.985561905,0.990448,0.993260833
921,2019-04-01,34.72,35.31,0.9833,0.985261905,0.99021,0.993171667
922,2019-04-02,35.58,36.18,0.9834,0.9851047620000001,0.990008,0.9930458329999999
923,2019-04-03,36.59,37.19,0.9839,0.984938095,0.989876,0.992903333
924,2019-04-04,36.41,37.13,0.9806,0.984438095,0.98967,0.99275
925,2019-04-05,36.65,37.27,0.9834,0.984180952,0.9894280000000001,0.9926375
926,2019-04-08,36.94,37.59,0.9827,0.984038095,0.98918,0.9925149999999999
927,2019-04-09,36.5,37.18,0.9817,0.983771429,0.988966,0.9923924999999999
928,2019-04-10,36.43,37.08,0.9825,0.983571429,0.9888040000000001,0.992313333
929,2019-04-11,36.41,37.1,0.9814,0.98332381,0.9885860000000001,0.992206667
930,2019-04-12,36.74,37.42,0.9818,0.9830714290000001,0.988382,0.9920983329999999
931,2019-04-15,36.76,37.47,0.9811,0.983019048,0.9881559999999999,0.991983333
932,2019-04-16,37.48,38.17,0.9819,0.98307619,0.9879180000000001,0.991899167
933,2019-04-17,36.34,36.98,0.9827,0.9831523809999999,0.987676,0.991783333
934,2019-04-18,35.61,36.28,0.9815,0.9829523809999999,0.987342,0.9916883329999999
935,2019-04-22,34.36,34.92,0.9840000000000001,0.9829904759999999,0.9871219999999999,0.991594167
936,2019-04-23,35.11,35.67,0.9843,0.983057143,0.9869100000000001,0.9914825
937,2019-04-24,34.16,34.57,0.9881,0.983247619,0.986742,0.991354167
938,2019-04-25,33.79,34.11,0.9906,0.9835809520000001,0.9866540000000001,0.9912825000000001
939,2019-04-26,33.94,34.25,0.9909,0.983919048,0.986556,0.991184167
940,2019-04-29,33.69,33.93,0.9929,0.9841523809999999,0.986498,0.991145
941,2019-04-30,33.21,33.4,0.9943,0.984619048,0.986518,0.9911133329999999
942,2019-05-01,32.3,32.49,0.9942,0.985138095,0.986408,0.991065
943,2019-05-02,32.06,32.33,0.9916,0.9855285709999999,0.9862,0.991054167
944,2019-05-03,33.44,33.85,0.9879,0.985719048,0.9859459999999999,0.9909758329999999
945,2019-05-06,33.98,34.43,0.9869,0.986019048,0.985942,0.990824167
946,2019-05-07,33.22,33.81,0.9825,0.98597619,0.985816,0.9906233329999999
947,2019-05-08,34.24,34.85,0.9825,0.985966667,0.9856799999999999,0.990420833
948,2019-05-09,33.57,34.27,0.9796,0.985866667,0.985402,0.9902125
949,2019-05-10,35.41,36.0,0.9836,0.985919048,0.985252,0.9900025
950,2019-05-13,35.46,35.86,0.9888,0.9862714290000001,0.9852360000000001,0.9899
951,2019-05-14,36.54,36.9,0.9902,0.986671429,0.9853059999999999,0.989824167
952,2019-05-15,38.28,38.56,0.9927,0.98722381,0.9854120000000001,0.9898125
953,2019-05-16,38.83,39.13,0.9923,0.987719048,0.9854360000000001,0.989845833
954,2019-05-17,39.78,40.25,0.9883,0.987985714,0.985426,0.989816667
955,2019-05-20,40.14,40.37,0.9943,0.9885952379999999,0.985598,0.9898399999999999
956,2019-05-21,41.28,41.61,0.9921,0.988980952,0.9856940000000001,0.9898549999999999
957,2019-05-22,41.89,42.25,0.9915,0.98932381,0.9857899999999999,0.989869167
958,2019-05-23,41.1,41.51,0.9901,0.989419048,0.9858600000000001,0.9898741670000001
959,2019-05-24,41.36,41.86,0.9881,0.9893,0.98588,0.9898674999999999
960,2019-05-28,41.18,41.68,0.988,0.989161905,0.9859959999999999,0.9898408329999999
961,2019-05-29,41.95,42.53,0.9864,0.988852381,0.98611,0.98982
962,2019-05-30,43.08,43.7,0.9858,0.9884476190000001,0.9862040000000001,0.989783333
963,2019-05-31,42.33,43.02,0.9840000000000001,0.987961905,0.9861700000000001,0.989733333
964,2019-06-03,41.38,42.08,0.9834,0.9875714290000001,0.986174,0.989675833
965,2019-06-04,43.69,44.36,0.9849,0.9874285709999999,0.9862139999999999,0.9896558329999999
966,2019-06-05,45.65,46.31,0.9857,0.9873714290000001,0.986246,0.989635833
967,2019-06-06,46.43,47.14,0.9849,0.9874857140000001,0.9862719999999999,0.9896
968,2019-06-07,45.8,46.54,0.9841,0.987561905,0.9862780000000001,0.989559167
969,2019-06-10,45.29,46.09,0.9826,0.987704762,0.9861700000000001,0.9895200000000001
970,2019-06-11,44.93,45.75,0.9821,0.987633333,0.9861219999999999,0.9894841670000001
971,2019-06-12,44.14,44.84,0.9844,0.98742381,0.986144,0.9894674999999999
972,2019-06-13,45.35,45.98,0.9863,0.987238095,0.986202,0.989474167
973,2019-06-14,44.78,45.39,0.9866,0.986947619,0.9862559999999999,0.9894200000000001
974,2019-06-17,45.34,46.11,0.9833,0.986519048,0.98631,0.989325
975,2019-06-18,45.75,46.46,0.9847,0.986347619,0.9863360000000001,0.9892508329999999
976,2019-06-19,44.77,45.41,0.9859,0.985947619,0.9864,0.989174167
977,2019-06-20,45.99,46.76,0.9835,0.985538095,0.9864360000000001,0.9890808329999999
978,2019-06-21,44.6,45.31,0.9843,0.985195238,0.9864719999999999,0.9890133329999999
979,2019-06-24,45.2,46.01,0.9824,0.984828571,0.986492,0.988905833
980,2019-06-25,42.19,43.02,0.9807,0.98447619,0.9864700000000001,0.9887450000000001
981,2019-06-26,43.18,43.91,0.9834,0.984257143,0.986516,0.988579167
982,2019-06-27,44.3,44.85,0.9877,0.9843190479999999,0.986632,0.988474167
983,2019-06-28,45.76,46.39,0.9864,0.984347619,0.986706,0.988325833
984,2019-07-01,47.15,47.58,0.991,0.984680952,0.9868959999999999,0.9882375
985,2019-07-02,47.43,47.9,0.9902,0.985004762,0.9870200000000001,0.988140833
986,2019-07-03,47.69,48.27,0.988,0.9851523809999999,0.987094,0.988055833
987,2019-07-05,47.91,48.42,0.9895,0.9853333329999999,0.9871219999999999,0.9880241670000001
988,2019-07-08,48.32,48.84,0.9894,0.9855476190000001,0.9870979999999999,0.9880108329999999
989,2019-07-09,49.39,49.83,0.9912,0.985885714,0.9871040000000001,0.9879875
990,2019-07-10,50.88,51.35,0.9908,0.98627619,0.9870620000000001,0.987985
991,2019-07-11,48.7,49.01,0.9937,0.986828571,0.98705,0.9879725
992,2019-07-12,49.91,50.16,0.995,0.9873333329999999,0.987066,0.987985
993,2019-07-15,49.12,49.36,0.9951,0.987752381,0.987136,0.988023333
994,2019-07-16,48.62,48.85,0.9953,0.988166667,0.987284,0.98806
995,2019-07-17,47.96,48.12,0.9967,0.988804762,0.9874799999999999,0.9880700000000001
996,2019-07-18,48.02,48.2,0.9963,0.989357143,0.987756,0.98808
997,2019-07-19,46.77,47.06,0.9938,0.989733333,0.9879819999999999,0.9880916670000001
998,2019-07-22,47.17,47.4,0.9951,0.9902857140000001,0.9882920000000001,0.988129167
999,2019-07-23,49.25,49.63,0.9923,0.9906666670000001,0.988466,0.988129167
1000,2019-07-24,48.68,48.96,0.9943,0.9912333329999999,0.988576,0.9881483329999999
1001,2019-07-25,48.74,49.07,0.9933,0.991833333,0.9886379999999999,0.988155833
1002,2019-07-26,48.94,49.19,0.9949,0.992380952,0.988682,0.988165
1003,2019-07-29,49.16,49.4,0.9951,0.992733333,0.9887379999999999,0.9881675
1004,2019-07-30,48.77,48.9,0.9973,0.9932523809999999,0.9889180000000001,0.98816
1005,2019-07-31,49.84,49.96,0.9976,0.9935666670000001,0.988984,0.988181667
1006,2019-08-01,49.48,49.7,0.9956,0.99382381,0.9890540000000001,0.9881875
1007,2019-08-02,48.94,49.16,0.9955,0.994180952,0.9891340000000001,0.9881791670000001
1008,2019-08-05,46.85,47.08,0.9951,0.994447619,0.9892340000000001,0.98818
1009,2019-08-06,49.43,49.56,0.9974,0.994828571,0.9894200000000001,0.988193333
1010,2019-08-07,49.75,49.75,1.0,0.995247619,0.98966,0.988228333
1011,2019-08-08,41.85,42.14,0.9931,0.995357143,0.9897940000000001,0.9882266670000001
1012,2019-08-09,39.17,39.54,0.9906,0.9952095240000001,0.9898899999999999,0.988150833
1013,2019-08-12,36.72,37.09,0.99,0.994971429,0.9900100000000001,0.988050833
1014,2019-08-13,36.42,36.77,0.9905,0.994752381,0.990152,0.987966667
1015,2019-08-14,34.66,34.82,0.9954,0.994757143,0.9903620000000001,0.988035833
1016,2019-08-15,34.27,34.45,0.9948,0.9946666670000001,0.9905440000000001,0.988085833
1017,2019-08-16,35.63,35.94,0.9914,0.9944333329999999,0.9906739999999999,0.988103333
1018,2019-08-19,35.78,36.01,0.9936,0.99442381,0.990864,0.988104167
1019,2019-08-20,34.9,35.11,0.9940000000000001,0.9943714290000001,0.991092,0.988128333
1020,2019-08-21,35.28,35.53,0.993,0.994404762,0.99131,0.988156667
1021,2019-08-22,35.07,35.42,0.9901,0.9942047620000001,0.991424,0.9881850000000001
1022,2019-08-23,34.19,34.51,0.9907,0.994080952,0.9915120000000001,0.9882125
1023,2019-08-26,33.4,33.62,0.9935,0.994014286,0.99165,0.9882325000000001
1024,2019-08-27,32.4,32.78,0.9884,0.9936952379999999,0.9917520000000001,0.9882291670000001
1025,2019-08-28,32.78,32.97,0.9942,0.9935476190000001,0.991942,0.9883
1026,2019-08-29,33.74,33.9,0.9953,0.993438095,0.99213,0.988366667
1027,2019-08-30,34.17,34.43,0.9924,0.9932857140000001,0.992308,0.9884141670000001
1028,2019-09-03,32.89,32.99,0.997,0.993357143,0.992562,0.988500833
1029,2019-09-04,32.23,32.23,1.0,0.993590476,0.992914,0.988608333
1030,2019-09-05,31.97,31.99,0.9994,0.993685714,0.993288,0.9887516670000001
1031,2019-09-06,31.44,31.45,0.9997,0.993671429,0.993614,0.9889100000000001
1032,2019-09-09,30.89,30.85,1.0013,0.994061905,0.993886,0.9890783329999999
1033,2019-09-10,32.63,32.67,0.9988,0.9944523809999999,0.994134,0.9891875
1034,2019-09-11,32.88,32.82,1.0018,0.995014286,0.99435,0.9893424999999999
1035,2019-09-12,31.98,31.96,1.0006,0.995495238,0.9945579999999999,0.98949
1036,2019-09-13,31.93,31.93,1.0,0.9957142859999999,0.994798,0.9896225000000001
1037,2019-09-16,32.26,32.32,0.9981,0.995871429,0.99497,0.989743333
1038,2019-09-17,32.07,32.21,0.9957,0.99607619,0.9950959999999999,0.9898425
1039,2019-09-18,30.99,31.09,0.9968,0.996228571,0.995208,0.989915833
1040,2019-09-19,30.58,30.74,0.9948,0.996266667,0.995288,0.990001667
1041,2019-09-20,30.46,30.4,1.002,0.9966952379999999,0.9954540000000001,0.9901575
1042,2019-09-23,30.13,30.19,0.998,0.997071429,0.9955139999999999,0.9902791670000001
1043,2019-09-24,29.49,29.37,1.0041,0.997709524,0.9956940000000001,0.9904475
1044,2019-09-25,30.21,30.32,0.9964,0.9978476190000001,0.9957159999999999,0.990579167
1045,2019-09-26,29.63,29.815,0.9938,0.998104762,0.995658,0.990665833
1046,2019-09-27,29.17,29.53,0.9878,0.9978,0.9954879999999999,0.9907083329999999
1047,2019-09-30,29.545,29.82,0.9908,0.9975857140000001,0.9954280000000001,0.990784167
1048,2019-10-01,29.45,29.8,0.9883,0.997390476,0.995292,0.9908325000000001
1049,2019-10-02,28.6,28.97,0.9872,0.99692381,0.99519,0.990880833
1050,2019-10-03,29.1,29.4,0.9898,0.996438095,0.9951,0.9909475
1051,2019-10-04,29.68,30.105,0.9859,0.9957952379999999,0.9949520000000001,0.9909875
1052,2019-10-07,30.13,30.47,0.9888,0.99527619,0.9948299999999999,0.9910450000000001
1053,2019-10-08,28.63,28.86,0.992,0.994833333,0.994768,0.9911225
1054,2019-10-09,29.08,29.44,0.9878,0.9943095240000001,0.9945780000000001,0.991175
1055,2019-10-10,28.7,28.77,0.9976,0.9941095240000001,0.9945780000000001,0.991288333
1056,2019-10-11,29.26,29.43,0.9942,0.993804762,0.99455,0.991370833
1057,2019-10-14,30.02,30.12,0.9967,0.9936476190000001,0.994574,0.9914424999999999
1058,2019-10-15,30.93,31.18,0.992,0.993357143,0.9945120000000001,0.991454167
1059,2019-10-16,31.02,31.27,0.992,0.993180952,0.9944040000000001,0.991463333
1060,2019-10-17,31.93,32.1,0.9947,0.993080952,0.9942979999999999,0.991478333
1061,2019-10-18,31.75,32.04,0.9909,0.992895238,0.9942540000000001,0.99145
1062,2019-10-21,32.905,33.32,0.9875,0.9922047620000001,0.994192,0.991394167
1063,2019-10-22,32.58,32.97,0.9882,0.991738095,0.9941559999999999,0.9913658329999999
1064,2019-10-23,32.88,33.28,0.988,0.990971429,0.9941059999999999,0.991366667
1065,2019-10-24,33.14,33.53,0.9884,0.9905904759999999,0.993966,0.9913791670000001
1066,2019-10-25,33.98,34.37,0.9887,0.990347619,0.9938440000000001,0.991430833
1067,2019-10-28,34.51,34.97,0.9868,0.9903,0.9937520000000001,0.9914666670000001
1068,2019-10-29,33.46,33.8,0.9899,0.990257143,0.9936780000000001,0.9915525
1069,2019-10-30,32.9,33.18,0.9916,0.9904142859999999,0.9936299999999999,0.9916191670000001
1070,2019-10-31,32.39,32.57,0.9945,0.990761905,0.99366,0.9916666670000001
1071,2019-11-01,33.62,33.69,0.9979,0.991147619,0.993816,0.991730833
1072,2019-11-04,33.86,33.98,0.9965,0.991652381,0.9939319999999999,0.9917625
1073,2019-11-05,33.29,33.36,0.9979,0.992085714,0.9940200000000001,0.991809167
1074,2019-11-06,33.61,33.63,0.9994,0.992438095,0.99424,0.991901667
1075,2019-11-07,33.72,33.44,1.0084,0.9934190479999999,0.994524,0.992019167
1076,2019-11-08,37.43,37.55,0.9968,0.993380952,0.994554,0.992058333
1077,2019-11-11,38.56,38.63,0.9982,0.9935714290000001,0.99467,0.992114167
1078,2019-11-12,37.7,37.83,0.9966,0.9935666670000001,0.994662,0.992168333
1079,2019-11-13,37.93,38.15,0.9942,0.993671429,0.9945459999999999,0.992219167
1080,2019-11-14,38.74,38.955,0.9945,0.9937904759999999,0.994448,0.992273333
1081,2019-11-15,39.51,39.68,0.9957,0.993838095,0.994368,0.9923508329999999
1082,2019-11-18,39.74,39.95,0.9947,0.994019048,0.994236,0.992425
1083,2019-11-19,37.5,37.79,0.9923,0.994247619,0.9941059999999999,0.992494167
1084,2019-11-20,38.58,38.88,0.9923,0.994442857,0.993916,0.992568333
1085,2019-11-21,39.44,39.79,0.9912,0.9945952379999999,0.9937280000000001,0.9926208329999999
1086,2019-11-22,40.62,41.1,0.9883,0.994590476,0.9934940000000001,0.9926424999999999
1087,2019-11-25,40.47,40.89,0.9897,0.994638095,0.993326,0.9926825
1088,2019-11-26,40.01,40.19,0.9955,0.9950523809999999,0.9933219999999999,0.9927775
1089,2019-11-27,38.92,38.995,0.9981,0.995442857,0.993348,0.9929066670000001
1090,2019-11-29,39.06,39.15,0.9977,0.995733333,0.9934059999999999,0.993036667
1091,2019-12-02,39.68,39.86,0.9955,0.995780952,0.993276,0.993129167
1092,2019-12-03,39.99,40.18,0.9953,0.995657143,0.9932219999999999,0.993204167
1093,2019-12-04,40.35,40.57,0.9946,0.9955666670000001,0.993032,0.993270833
1094,2019-12-05,40.78,41.05,0.9934,0.9953523809999999,0.992972,0.9933549999999999
1095,2019-12-06,40.71,41.07,0.9912,0.994961905,0.99292,0.993409167
1096,2019-12-09,40.35,40.78,0.9895,0.994061905,0.9929540000000001,0.993439167
1097,2019-12-10,41.01,41.52,0.9877,0.9936285709999999,0.992892,0.993474167
1098,2019-12-11,42.28,42.74,0.9892,0.9932,0.9929100000000001,0.9935149999999999
1099,2019-12-12,41.96,42.54,0.9864,0.9927142859999999,0.992894,0.993548333
1100,2019-12-13,41.81,42.27,0.9891,0.9924714290000001,0.9928799999999999,0.993618333
1101,2019-12-16,42.54,43.0,0.9893,0.99222381,0.9929479999999999,0.9936674999999999
1102,2019-12-17,42.72,43.29,0.9868,0.9918,0.992908,0.99366
1103,2019-12-18,43.75,44.26,0.9885,0.991504762,0.9928379999999999,0.9936775
1104,2019-12-19,44.43,44.94,0.9887,0.9913333329999999,0.992856,0.993658333
1105,2019-12-20,43.54,43.93,0.9911,0.99127619,0.992726,0.993665833
1106,2019-12-23,44.1,44.4,0.9932,0.9913714290000001,0.992706,0.993709167
1107,2019-12-24,44.7,44.99,0.9936,0.99162381,0.9926440000000001,0.993743333
1108,2019-12-26,45.32,45.56,0.9947,0.991861905,0.992698,0.9937875
1109,2019-12-27,45.83,46.1,0.9941,0.991795238,0.99274,0.993811667
1110,2019-12-30,45.4,45.63,0.995,0.9916476190000001,0.9927459999999999,0.993846667
1111,2019-12-31,45.74,45.94,0.9956,0.9915476190000001,0.99284,0.9938625
1112,2020-01-02,45.0,45.21,0.9954,0.991542857,0.9929979999999999,0.993865833
1113,2020-01-03,44.56,44.72,0.9964,0.9915952379999999,0.9931620000000001,0.993876667
1114,2020-01-06,44.43,44.64,0.9953,0.9916285709999999,0.993308,0.993876667
1115,2020-01-07,45.48,45.77,0.9937,0.991642857,0.9934139999999999,0.993851667
1116,2020-01-08,45.38,45.77,0.9915,0.991657143,0.9934700000000001,0.993811667
1117,2020-01-09,45.47,45.78,0.9932,0.991833333,0.993598,0.993806667
1118,2020-01-10,45.33,45.59,0.9943,0.992147619,0.9936860000000001,0.9938
1119,2020-01-13,46.29,46.58,0.9938,0.992366667,0.9937299999999999,0.9938125
1120,2020-01-14,46.86,47.07,0.9955,0.9928,0.99375,0.9938225
1121,2020-01-15,46.51,46.68,0.9964,0.993147619,0.99372,0.993848333
1122,2020-01-16,46.91,47.18,0.9943,0.9933857140000001,0.993676,0.9938433329999999
1123,2020-01-17,47.66,47.96,0.9937,0.9937142859999999,0.993592,0.993831667
1124,2020-01-21,47.87,48.15,0.9942,0.993985714,0.9934879999999999,0.9938058329999999
1125,2020-01-22,47.73,48.09,0.9925,0.994166667,0.9931700000000001,0.993763333
1126,2020-01-23,47.92,48.23,0.9936,0.9942857140000001,0.9931059999999999,0.993746667
1127,2020-01-24,48.07,48.44,0.9924,0.994247619,0.9929899999999999,0.993720833
1128,2020-01-27,47.01,47.18,0.9964,0.994380952,0.992986,0.993731667
1129,2020-01-28,47.12,47.16,0.9992,0.9945952379999999,0.993086,0.993746667
1130,2020-01-29,47.73,47.73,1.0,0.99487619,0.993196,0.993746667
1131,2020-01-30,47.24,47.34,0.9979,0.995014286,0.99324,0.9937866670000001
1132,2020-01-31,46.2,46.21,0.9998,0.995214286,0.9933420000000001,0.993863333
1133,2020-02-03,46.59,46.58,1.0002,0.995442857,0.9935,0.993948333
1134,2020-02-04,49.01,48.98,1.0006,0.995642857,0.9936659999999999,0.9940325000000001
1135,2020-02-05,49.13,49.11,1.0004,0.995885714,0.99385,0.9940741670000001
1136,2020-02-06,50.04,50.15,0.9978,0.996080952,0.9940399999999999,0.994099167
1137,2020-02-07,50.14,50.17,0.9994,0.996457143,0.9942340000000001,0.9941658329999999
1138,2020-02-10,50.38,50.45,0.9986,0.9967142859999999,0.994296,0.9942075
1139,2020-02-11,50.63,50.83,0.9961,0.9968,0.9942559999999999,0.994225
1140,2020-02-12,50.62,50.67,0.9990000000000001,0.997047619,0.994282,0.994275
1141,2020-02-13,51.63,51.71,0.9985,0.997190476,0.9943420000000001,0.994345
1142,2020-02-14,51.68,51.85,0.9967,0.9972047620000001,0.9943700000000001,0.994395
1143,2020-02-18,52.39,52.28,1.0021,0.99757619,0.9945200000000001,0.9944666670000001
1144,2020-02-19,54.84,54.47,1.0068,0.9982,0.9947879999999999,0.9946200000000001
1145,2020-02-20,64.17,63.63,1.0085,0.998880952,0.995134,0.994739167
1146,2020-02-21,65.59,65.0,1.0091,0.9996714290000001,0.995526,0.9948541670000001
1147,2020-02-24,59.99,59.69,1.005,1.0002142859999998,0.995872,0.994959167
1148,2020-02-25,58.14,57.78,1.0062,1.000871429,0.9962120000000001,0.995035833
1149,2020-02-26,57.54,57.08,1.0081,1.001428571,0.9966459999999999,0.995103333
1150,2020-02-27,54.36,54.62,0.9952,1.001238095,0.996768,0.995068333
1151,2020-02-28,55.67,55.81,0.9975,1.001119048,0.9969319999999999,0.99505
1152,2020-03-02,54.62,54.4,1.004,1.001409524,0.997276,0.9950725
1153,2020-03-03,53.51,53.21,1.0056,1.001685714,0.997618,0.995129167
1154,2020-03-04,54.35,54.25,1.0018,1.001761905,0.9978799999999999,0.995129167
1155,2020-03-05,51.93,51.55,1.0074,1.0020857140000001,0.9982059999999999,0.995185833
1156,2020-03-06,49.74,49.35,1.0079,1.0024428570000001,0.9985,0.995251667
1157,2020-03-09,45.15,44.97,1.004,1.002738095,0.998708,0.9953008329999999
1158,2020-03-10,45.58,45.39,1.0042,1.002966667,0.998898,0.995371667
1159,2020-03-11,41.31,41.49,0.9957,1.002828571,0.9989299999999999,0.9953625
1160,2020-03-12,35.14,35.53,0.9890000000000001,1.002490476,0.9988100000000001,0.9953141670000001
1161,2020-03-13,36.32,36.34,0.9994,1.0025095240000002,0.998886,0.9952924999999999
1162,2020-03-16,27.95,28.67,0.9749,1.001385714,0.998476,0.9951
1163,2020-03-17,27.38,28.12,0.9737,1.000290476,0.998022,0.994846667
1164,2020-03-18,23.51,25.01,0.94,0.9973333329999999,0.996916,0.994376667
1165,2020-03-19,25.0,26.32,0.9498,0.994619048,0.9960379999999999,0.9940100000000001
1166,2020-03-20,26.49,27.19,0.9743,0.9929904759999999,0.9956940000000001,0.9938975
1167,2020-03-23,30.06,31.22,0.9628,0.990785714,0.995086,0.993664167
1168,2020-03-24,35.52,36.82,0.9647,0.988866667,0.9944940000000001,0.9934675
1169,2020-03-25,37.78,39.89,0.9471,0.9860523809999999,0.99356,0.993133333
1170,2020-03-26,38.66,40.78,0.948,0.983190476,0.99261,0.992785
1171,2020-03-27,35.91,37.94,0.9465,0.980871429,0.991612,0.992456667
1172,2020-03-30,34.71,37.06,0.9366,0.9779714290000001,0.990458,0.992021667
1173,2020-03-31,33.97,36.02,0.9431,0.9750714290000001,0.9894459999999999,0.991614167
1174,2020-04-01,30.04,31.44,0.9555,0.972685714,0.9886719999999999,0.991345
1175,2020-04-02,29.1,30.13,0.9658,0.9709714290000001,0.988138,0.99108
1176,2020-04-03,29.58,30.31,0.9759,0.969471429,0.987784,0.9909275
1177,2020-04-06,36.52,37.12,0.9838,0.96832381,0.987612,0.99082
1178,2020-04-07,37.25,37.8,0.9854,0.967438095,0.987392,0.990765
1179,2020-04-08,38.65,39.19,0.9862,0.966580952,0.987132,0.990716667
1180,2020-04-09,40.07,40.63,0.9862,0.9661285709999999,0.986856,0.990645833
1181,2020-04-13,37.95,38.44,0.9873,0.966047619,0.9866440000000001,0.990615833
1182,2020-04-14,38.31,38.69,0.9902,0.9656095240000001,0.986452,0.9906383329999999
1183,2020-04-15,35.74,36.11,0.9898,0.966319048,0.986244,0.9906516670000001
1184,2020-04-16,33.0,33.36,0.9892,0.967057143,0.986016,0.990661667
1185,2020-04-17,35.88,36.33,0.9876,0.96932381,0.9857600000000001,0.990655
1186,2020-04-20,35.97,36.46,0.9866,0.97107619,0.9855360000000001,0.9906375
1187,2020-04-21,35.67,36.2,0.9854,0.971604762,0.9852559999999999,0.990625833
1188,2020-04-22,38.01,38.72,0.9817,0.972504762,0.9849180000000001,0.9905575000000001
1189,2020-04-23,37.84,38.34,0.987,0.973566667,0.9847360000000001,0.990519167
1190,2020-04-24,40.17,40.705,0.9869,0.975461905,0.9844940000000001,0.990455833
1191,2020-04-27,42.19,43.01,0.9809,0.977028571,0.984142,0.9903141670000001
1192,2020-04-28,41.76,42.16,0.9905,0.97912381,0.9840180000000001,0.9902641670000001
1193,2020-04-29,44.98,45.62,0.986,0.98147619,0.9836959999999999,0.990165
1194,2020-04-30,43.54,43.96,0.9904,0.9837285709999999,0.983368,0.9900899999999999
1195,2020-05-01,41.73,42.46,0.9828,0.985028571,0.9828540000000001,0.989876667
1196,2020-05-04,41.83,42.59,0.9822,0.9858095240000001,0.982316,0.9897549999999999
1197,2020-05-05,42.86,43.6,0.983,0.986147619,0.981876,0.989628333
1198,2020-05-06,42.92,43.43,0.9883,0.986361905,0.981518,0.989559167
1199,2020-05-07,48.19,48.56,0.9924,0.9866952379999999,0.9812040000000001,0.989544167
1200,2020-05-08,52.69,52.97,0.9947,0.9871,0.981194,0.989545833
1201,2020-05-11,55.11,55.76,0.9883,0.9872,0.98101,0.9894841670000001
1202,2020-05-12,48.52,49.22,0.9858,0.987128571,0.9806459999999999,0.98941
1203,2020-05-13,46.25,46.53,0.9940000000000001,0.987309524,0.9804139999999999,0.989424167
1204,2020-05-14,47.1,47.46,0.9924,0.987433333,0.980226,0.989425
1205,2020-05-15,48.51,48.78,0.9945,0.987685714,0.9799680000000001,0.9894525
1206,2020-05-18,49.44,49.62,0.9964,0.9881047620000001,0.9797379999999999,0.9895200000000001
1207,2020-05-19,50.71,51.09,0.9926,0.988390476,0.97951,0.989544167
1208,2020-05-20,53.41,54.05,0.9882,0.98852381,0.97919,0.989483333
1209,2020-05-21,53.43,54.16,0.9865,0.988752381,0.9790059999999999,0.989386667
1210,2020-05-22,55.98,56.5,0.9908,0.988933333,0.979042,0.9893291670000001
1211,2020-05-26,58.65,58.87,0.9963,0.989380952,0.97898,0.9893358329999999
1212,2020-05-27,59.04,59.05,0.9998,0.990280952,0.9794780000000001,0.989373333
1213,2020-05-28,57.21,57.37,0.9972,0.9906,0.9799479999999999,0.989395
1214,2020-05-29,57.96,57.99,0.9995,0.991242857,0.981138,0.989445833
1215,2020-06-01,58.3,58.22,1.0014,0.991766667,0.9821700000000001,0.989530833
1216,2020-06-02,59.32,59.38,0.9990000000000001,0.992538095,0.982664,0.98961
1217,2020-06-03,62.13,62.07,1.001,0.9934333329999999,0.9834280000000001,0.989720833
1218,2020-06-04,61.38,61.42,0.9993,0.9942095240000001,0.9841200000000001,0.9898049999999999
1219,2020-06-05,59.52,59.32,1.0034,0.994928571,0.985246,0.989946667
1220,2020-06-08,62.15,62.26,0.9982,0.9952047620000001,0.98625,0.9900225
1221,2020-06-09,60.99,61.19,0.9967,0.9953,0.9872540000000001,0.990084167
1222,2020-06-10,59.51,59.59,0.9987,0.9957952379999999,0.9884959999999999,0.9901833329999999
1223,2020-06-11,56.28,56.3,0.9996,0.9964523809999999,0.989626,0.990275833
1224,2020-06-12,56.95,56.79,1.0028,0.996871429,0.9905719999999999,0.990393333
1225,2020-06-15,60.02,60.0,1.0003,0.997247619,0.9912620000000001,0.9904700000000001
1226,2020-06-16,59.4,59.1,1.0051,0.997752381,0.9918459999999999,0.9905691670000001
1227,2020-06-17,60.58,60.74,0.9974,0.9978,0.992118,0.990600833
1228,2020-06-18,61.33,61.34,0.9998,0.998142857,0.9924059999999999,0.990643333
1229,2020-06-19,62.0,62.25,0.996,0.9985142859999999,0.9926020000000001,0.990659167
1230,2020-06-22,60.51,60.66,0.9975,0.999038095,0.992828,0.9906799999999999
1231,2020-06-23,62.77,63.11,0.9946,0.9992190479999999,0.992974,0.990671667
1232,2020-06-24,59.02,59.3,0.9953,0.9991714290000001,0.9930760000000001,0.9906708329999999
1233,2020-06-25,58.86,59.08,0.9963,0.999004762,0.9932059999999999,0.99067
1234,2020-06-26,55.43,55.59,0.9971,0.9990000000000001,0.9933639999999999,0.990685
1235,2020-06-29,56.71,57.12,0.9928,0.9986809520000001,0.993468,0.9906775
1236,2020-06-30,57.48,57.61,0.9977,0.998504762,0.99369,0.990729167
1237,2020-07-01,58.6,58.91,0.9947,0.9983,0.993876,0.990741667
1238,2020-07-02,59.39,59.96,0.9905,0.9978,0.994052,0.9907100000000001
1239,2020-07-06,60.98,61.28,0.9951,0.9976,0.9942139999999999,0.990720833
1240,2020-07-07,62.03,62.69,0.9895,0.996938095,0.994266,0.9906708329999999
1241,2020-07-08,63.2,63.61,0.9936,0.996719048,0.9945200000000001,0.9906475
1242,2020-07-09,62.42,62.99,0.991,0.996447619,0.9945299999999999,0.9906200000000001
1243,2020-07-10,61.75,62.25,0.992,0.996128571,0.99465,0.9906058329999999
1244,2020-07-13,58.22,58.2,1.0003,0.996161905,0.994848,0.990656667
1245,2020-07-14,57.75,57.85,0.9983,0.9959476190000001,0.995158,0.990705
1246,2020-07-15,58.97,59.08,0.9981,0.9958428570000001,0.995476,0.9907425
1247,2020-07-16,61.74,62.19,0.9928,0.995257143,0.9956719999999999,0.990745833
1248,2020-07-17,64.05,64.24,0.997,0.995238095,0.9958459999999999,0.990750833
1249,2020-07-20,65.97,66.24,0.9959,0.9950523809999999,0.995916,0.9907233329999999
1250,2020-07-21,64.56,65.02,0.9929,0.994904762,0.9958799999999999,0.990664167
1251,2020-07-22,66.98,67.4,0.9938,0.9947285709999999,0.9959899999999999,0.9906299999999999
1252,2020-07-23,65.33,65.5,0.9974,0.994861905,0.9962219999999999,0.99061
1253,2020-07-24,65.43,65.72,0.9956,0.99487619,0.9962540000000001,0.990571667
1254,2020-07-27,66.73,66.91,0.9973,0.99492381,0.996352,0.990544167
1255,2020-07-28,64.86,65.0,0.9978,0.9949571429999999,0.996418,0.9905225000000001
1256,2020-07-29,66.41,66.49,0.9988,0.995242857,0.996466,0.990530833
1257,2020-07-30,69.53,69.9,0.9947,0.9951,0.996508,0.990491667
1258,2020-07-31,68.09,68.39,0.9956,0.995142857,0.996656,0.9904666670000001
1259,2020-08-03,67.76,67.94,0.9974,0.9954714290000001,0.9968739999999999,0.9904775
1260,2020-08-04,68.1,68.24,0.9979,0.995604762,0.997016,0.9904683329999999
1261,2020-08-05,70.64,70.6,1.0006,0.996133333,0.997102,0.9904858329999999
1262,2020-08-06,71.57,71.42,1.0021,0.996538095,0.9971479999999999,0.990530833
1263,2020-08-07,79.84,79.76,1.001,0.997014286,0.997224,0.990521667
1264,2020-08-10,79.41,79.34,1.0009,0.997438095,0.997252,0.9904725000000001
1265,2020-08-11,75.24,75.33,0.9988,0.997366667,0.9972,0.990391667
1266,2020-08-12,76.1,76.0,1.0013,0.997509524,0.997246,0.990326667
1267,2020-08-13,74.56,74.44,1.0016,0.99767619,0.997258,0.9902983329999999
1268,2020-08-14,76.67,76.64,1.0004,0.998038095,0.9972799999999999,0.99025
1269,2020-08-17,79.82,79.79,1.0004,0.9982,0.9972200000000001,0.990185833
1270,2020-08-18,82.39,82.32,1.0009,0.998438095,0.997274,0.9902333329999999
1271,2020-08-19,83.5,83.83,0.9961,0.998590476,0.9972620000000001,0.990221667
1272,2020-08-20,82.88,82.85,1.0004,0.998904762,0.997296,0.990191667
1273,2020-08-21,82.89,83.2,0.9963,0.998852381,0.99723,0.990114167
1274,2020-08-24,83.36,83.6,0.9971,0.99892381,0.997116,0.990075
1275,2020-08-25,82.63,82.83,0.9976,0.998938095,0.9970620000000001,0.9899933329999999
1276,2020-08-26,83.55,83.85,0.9964,0.998871429,0.9968879999999999,0.9898975
1277,2020-08-27,84.96,85.24,0.9967,0.998771429,0.9968739999999999,0.9898366670000001
1278,2020-08-28,86.95,87.32,0.9958,0.99882381,0.9967940000000001,0.989766667
1279,2020-08-31,85.28,85.76,0.9944,0.998766667,0.996762,0.9897558329999999
1280,2020-09-01,88.26,88.44,0.998,0.9987952379999999,0.9967719999999999,0.989830833
1281,2020-09-02,88.9,89.28,0.9957,0.9986904759999999,0.9967940000000001,0.9898
1282,2020-09-03,85.02,85.44,0.9951,0.9984285709999999,0.99679,0.989968333
1283,2020-09-04,83.44,83.88,0.9948,0.998080952,0.9967600000000001,0.9901441670000001
1284,2020-09-08,80.49,80.66,0.9979,0.997933333,0.996776,0.990626667
1285,2020-09-09,82.27,82.32,0.9994,0.997861905,0.996908,0.9910399999999999
1286,2020-09-10,82.54,82.76,0.9973,0.9977904759999999,0.9969,0.991231667
1287,2020-09-11,85.24,85.38,0.9984,0.997652381,0.996974,0.991528333
1288,2020-09-14,87.05,87.18,0.9985,0.997504762,0.997134,0.9918100000000001
1289,2020-09-15,91.0,91.17,0.9981,0.997395238,0.997194,0.9922350000000001
1290,2020-09-16,94.7,94.98,0.9971,0.997238095,0.997346,0.992644167
1291,2020-09-17,95.97,96.45,0.995,0.9969571429999999,0.997374,0.993048333
1292,2020-09-18,95.31,95.87,0.9942,0.996866667,0.9974379999999999,0.993528333
1293,2020-09-21,94.81,95.71,0.9906,0.9964,0.99741,0.9939241670000001
1294,2020-09-22,98.6,99.19,0.9941,0.996295238,0.997286,0.994245833
1295,2020-09-23,95.93,96.32,0.996,0.996242857,0.99724,0.9944975
1296,2020-09-24,97.44,97.81,0.9962,0.99617619,0.997202,0.9946666670000001
1297,2020-09-25,101.2,101.27,0.9993,0.9963142859999999,0.997332,0.994795833
1298,2020-09-28,100.98,101.16,0.9982,0.9963857140000001,0.9973559999999999,0.9949024999999999
1299,2020-09-29,101.39,101.42,0.9997,0.9965714290000001,0.997432,0.995015
1300,2020-09-30,101.54,101.59,0.9995,0.996814286,0.9975639999999999,0.995125833
1301,2020-10-01,107.56,107.53,1.0003,0.99692381,0.9976940000000001,0.995234167
1302,2020-10-02,108.0,108.18,0.9983,0.997047619,0.997712,0.995301667
1303,2020-10-05,110.26,110.11,1.0014,0.997347619,0.997828,0.995398333
1304,2020-10-06,105.28,104.99,1.0028,0.9977285709999999,0.9979379999999999,0.995511667
1305,2020-10-07,105.79,105.51,1.0027,0.9979571429999999,0.998036,0.9956375
1306,2020-10-08,105.09,105.04,1.0005,0.9980095240000001,0.9980700000000001,0.995753333
1307,2020-10-09,104.64,104.26,1.0036,0.9983095240000001,0.9982479999999999,0.9959049999999999
1308,2020-10-12,101.09,101.01,1.0008,0.99842381,0.998352,0.996064167
1309,2020-10-13,101.55,101.2,1.0035,0.998661905,0.998474,0.996201667
1310,2020-10-14,103.36,102.87,1.0048,0.998980952,0.998612,0.9963508329999999
1311,2020-10-15,102.29,101.86,1.0042,0.9993190479999999,0.998684,0.9965450000000001
1312,2020-10-16,103.35,102.985,1.0035,0.99972381,0.998712,0.9966533329999999
